url,img,name,cardType,color,life,oshiSkill,spOshiSkill,stageSkill,product,number
"https://hololive-official-cardgame.com/cardlist/?id=1417&keyword=&attribute%5B0%5D=all&expansion_name=&card_kind%5B0%5D=%E6%8E%A8%E3%81%97%E3%83%9B%E3%83%AD%E3%83%A1%E3%83%B3&rare%5B0%5D=all&bloom_level%5B0%5D=all&parallel%5B0%5D=normal&view=text","https://hololive-official-cardgame.com/wp-content/images/cardlist/hPR/hBD24-045_P.png","ときのそら","推しホロメン","白","5","[ホロパワー：-2]ホワイトエンハンス[ターンに1回]このターンの間、自分の白ホロメン1人のアーツ+20。","[ホロパワー：-2]Birthday Gift ～White～[ゲームに1回]自分のデッキから、白ホロメン1枚を公開し、手札に加える。そしてデッキをシャッフルする。","","PRカード","hBD24-045"
"https://hololive-official-cardgame.com/cardlist/?id=1418&keyword=&attribute%5B0%5D=all&expansion_name=&card_kind%5B0%5D=%E6%8E%A8%E3%81%97%E3%83%9B%E3%83%AD%E3%83%A1%E3%83%B3&rare%5B0%5D=all&bloom_level%5B0%5D=all&parallel%5B0%5D=normal&view=text","https://hololive-official-cardgame.com/wp-content/images/cardlist/hPR/hBD24-046_P.png","一伊那尓栖","推しホロメン","紫","5","[ホロパワー：-2]パープルエンハンス[ターンに1回]このターンの間、自分の紫ホロメン1人のアーツ+20。","[ホロパワー：-2]Birthday Gift ～Purple～[ゲームに1回]自分のデッキから、紫ホロメン1枚を公開し、手札に加える。そしてデッキをシャッフルする。","","PRカード","hBD24-046"
"https://hololive-official-cardgame.com/cardlist/?id=1423&keyword=&attribute%5B0%5D=all&expansion_name=&card_kind%5B0%5D=%E6%8E%A8%E3%81%97%E3%83%9B%E3%83%AD%E3%83%A1%E3%83%B3&rare%5B0%5D=all&bloom_level%5B0%5D=all&parallel%5B0%5D=normal&view=text","https://hololive-official-cardgame.com/wp-content/images/cardlist/hPR/hBD24-051_P.png","轟はじめ","推しホロメン","白","5","[ホロパワー：-2]ホワイトエンハンス[ターンに1回]このターンの間、自分の白ホロメン1人のアーツ+20。","[ホロパワー：-2]Birthday Gift ～White～[ゲームに1回]自分のデッキから、白ホロメン1枚を公開し、手札に加える。そしてデッキをシャッフルする。","","PRカード","hBD24-051"
"https://hololive-official-cardgame.com/cardlist/?id=1425&keyword=&attribute%5B0%5D=all&expansion_name=&card_kind%5B0%5D=%E6%8E%A8%E3%81%97%E3%83%9B%E3%83%AD%E3%83%A1%E3%83%B3&rare%5B0%5D=all&bloom_level%5B0%5D=all&parallel%5B0%5D=normal&view=text","https://hololive-official-cardgame.com/wp-content/images/cardlist/hPR/hBD24-053_P.png","水宮枢","推しホロメン","青","5","[ホロパワー：-2]ブルーエンハンス[ターンに1回]このターンの間、自分の青ホロメン1人のアーツ+20。","[ホロパワー：-2]Birthday Gift ～Blue～[ゲームに1回]自分のデッキから、青ホロメン1枚を公開し、手札に加える。そしてデッキをシャッフルする。","","PRカード","hBD24-053"
"https://hololive-official-cardgame.com/cardlist/?id=1429&keyword=&attribute%5B0%5D=all&expansion_name=&card_kind%5B0%5D=%E6%8E%A8%E3%81%97%E3%83%9B%E3%83%AD%E3%83%A1%E3%83%B3&rare%5B0%5D=all&bloom_level%5B0%5D=all&parallel%5B0%5D=normal&view=text","https://hololive-official-cardgame.com/wp-content/images/cardlist/hPR/hBD24-057_P.png","小鳥遊キアラ","推しホロメン","赤","5","[ホロパワー：-2]レッドエンハンス[ターンに1回]このターンの間、自分の赤ホロメン1人のアーツ+20。","[ホロパワー：-2]Birthday Gift ～Red～[ゲームに1回]自分のデッキから、赤ホロメン1枚を公開し、手札に加える。そしてデッキをシャッフルする。","","PRカード","hBD24-057"
"https://hololive-official-cardgame.com/cardlist/?id=1433&keyword=&attribute%5B0%5D=all&expansion_name=&card_kind%5B0%5D=%E6%8E%A8%E3%81%97%E3%83%9B%E3%83%AD%E3%83%A1%E3%83%B3&rare%5B0%5D=all&bloom_level%5B0%5D=all&parallel%5B0%5D=normal&view=text","https://hololive-official-cardgame.com/wp-content/images/cardlist/hPR/hBD24-061_P.png","宝鐘マリン","推しホロメン","赤","5","[ホロパワー：-2]レッドエンハンス[ターンに1回]このターンの間、自分の赤ホロメン1人のアーツ+20。","[ホロパワー：-2]Birthday Gift ～Red～[ゲームに1回]自分のデッキから、赤ホロメン1枚を公開し、手札に加える。そしてデッキをシャッフルする。","","PRカード","hBD24-061"
"https://hololive-official-cardgame.com/cardlist/?id=1434&keyword=&attribute%5B0%5D=all&expansion_name=&card_kind%5B0%5D=%E6%8E%A8%E3%81%97%E3%83%9B%E3%83%AD%E3%83%A1%E3%83%B3&rare%5B0%5D=all&bloom_level%5B0%5D=all&parallel%5B0%5D=normal&view=text","https://hololive-official-cardgame.com/wp-content/images/cardlist/hPR/hBD24-062_P.png","常闇トワ","推しホロメン","紫","5","[ホロパワー：-2]パープルエンハンス[ターンに1回]このターンの間、自分の紫ホロメン1人のアーツ+20。","[ホロパワー：-2]Birthday Gift ～Purple～[ゲームに1回]自分のデッキから、紫ホロメン1枚を公開し、手札に加える。そしてデッキをシャッフルする。","","PRカード","hBD24-062"
"https://hololive-official-cardgame.com/cardlist/?id=1437&keyword=&attribute%5B0%5D=all&expansion_name=&card_kind%5B0%5D=%E6%8E%A8%E3%81%97%E3%83%9B%E3%83%AD%E3%83%A1%E3%83%B3&rare%5B0%5D=all&bloom_level%5B0%5D=all&parallel%5B0%5D=normal&view=text","https://hololive-official-cardgame.com/wp-content/images/cardlist/hPR/hBD24-065_P.png","綺々羅々ヴィヴィ","推しホロメン","紫","5","[ホロパワー：-2]パープルエンハンス[ターンに1回]このターンの間、自分の紫ホロメン1人のアーツ+20。","[ホロパワー：-2]Birthday Gift ～Purple～[ゲームに1回]自分のデッキから、紫ホロメン1枚を公開し、手札に加える。そしてデッキをシャッフルする。","","PRカード","hBD24-065"
"https://hololive-official-cardgame.com/cardlist/?id=1438&keyword=&attribute%5B0%5D=all&expansion_name=&card_kind%5B0%5D=%E6%8E%A8%E3%81%97%E3%83%9B%E3%83%AD%E3%83%A1%E3%83%B3&rare%5B0%5D=all&bloom_level%5B0%5D=all&parallel%5B0%5D=normal&view=text","https://hololive-official-cardgame.com/wp-content/images/cardlist/hPR/hBD24-066_P.png","カエラ・コヴァルスキア","推しホロメン","赤","5","[ホロパワー：-2]レッドエンハンス[ターンに1回]このターンの間、自分の赤ホロメン1人のアーツ+20。","[ホロパワー：-2]Birthday Gift ～Red～[ゲームに1回]自分のデッキから、赤ホロメン1枚を公開し、手札に加える。そしてデッキをシャッフルする。","","PRカード","hBD24-066"
"https://hololive-official-cardgame.com/cardlist/?id=199&keyword=&attribute%5B0%5D=all&expansion_name=&card_kind%5B0%5D=%E6%8E%A8%E3%81%97%E3%83%9B%E3%83%AD%E3%83%A1%E3%83%B3&rare%5B0%5D=all&bloom_level%5B0%5D=all&parallel%5B0%5D=normal&view=text","https://hololive-official-cardgame.com/wp-content/images/cardlist/hPR/hBD24-001_P.png","パヴォリア・レイネ","推しホロメン","緑","5","[ホロパワー：-2]グリーンエンハンス[ターンに１回]このターンの間、自分の緑ホロメン１人のアーツ+20。","[ホロパワー：-2]Birthday Gift ～Green～[ゲームに１回]自分のデッキから、緑ホロメン１枚を公開し、手札に加える。そしてデッキをシャッフルする。","","PRカード","hBD24-001"
"https://hololive-official-cardgame.com/cardlist/?id=564&keyword=&attribute%5B0%5D=all&expansion_name=&card_kind%5B0%5D=%E6%8E%A8%E3%81%97%E3%83%9B%E3%83%AD%E3%83%A1%E3%83%B3&rare%5B0%5D=all&bloom_level%5B0%5D=all&parallel%5B0%5D=normal&view=text","https://hololive-official-cardgame.com/wp-content/images/cardlist/hPR/hBD24-002_P.png","獅白ぼたん","推しホロメン","緑","5","[ホロパワー：-2]グリーンエンハンス[ターンに1回]このターンの間、自分の緑ホロメン1人のアーツ+20。","[ホロパワー：-2]Birthday Gift ～Green～[ゲームに1回]自分のデッキから、緑ホロメン1枚を公開し、手札に加える。そしてデッキをシャッフルする。","","PRカード","hBD24-002"
"https://hololive-official-cardgame.com/cardlist/?id=809&keyword=&attribute%5B0%5D=all&expansion_name=&card_kind%5B0%5D=%E6%8E%A8%E3%81%97%E3%83%9B%E3%83%AD%E3%83%A1%E3%83%B3&rare%5B0%5D=all&bloom_level%5B0%5D=all&parallel%5B0%5D=normal&view=text","https://hololive-official-cardgame.com/wp-content/images/cardlist/hPR/hBD24-003_P.png","戌神ころね","推しホロメン","黄","5","[ホロパワー：-2]イエローエンハンス[ターンに1回]このターンの間、自分の黄ホロメン1人のアーツ+20。","[ホロパワー：-2]Birthday Gift ～Yellow～[ゲームに1回]自分のデッキから、黄ホロメン1枚を公開し、手札に加える。そしてデッキをシャッフルする。","","PRカード","hBD24-003"
"https://hololive-official-cardgame.com/cardlist/?id=810&keyword=&attribute%5B0%5D=all&expansion_name=&card_kind%5B0%5D=%E6%8E%A8%E3%81%97%E3%83%9B%E3%83%AD%E3%83%A1%E3%83%B3&rare%5B0%5D=all&bloom_level%5B0%5D=all&parallel%5B0%5D=normal&view=text","https://hololive-official-cardgame.com/wp-content/images/cardlist/hPR/hBD24-004_P.png","白上フブキ","推しホロメン","白","5","[ホロパワー：-2]ホワイトエンハンス[ターンに1回]このターンの間、自分の白ホロメン1人のアーツ+20。","[ホロパワー：-2]Birthday Gift ～White～[ゲームに1回]自分のデッキから、白ホロメン1枚を公開し、手札に加える。そしてデッキをシャッフルする。","","PRカード","hBD24-004"
"https://hololive-official-cardgame.com/cardlist/?id=825&keyword=&attribute%5B0%5D=all&expansion_name=&card_kind%5B0%5D=%E6%8E%A8%E3%81%97%E3%83%9B%E3%83%AD%E3%83%A1%E3%83%B3&rare%5B0%5D=all&bloom_level%5B0%5D=all&parallel%5B0%5D=normal&view=text","https://hololive-official-cardgame.com/wp-content/images/cardlist/hPR/hBD24-005_P.png","姫森ルーナ","推しホロメン","白","5","[ホロパワー：-2]ホワイトエンハンス[ターンに1回]このターンの間、自分の白ホロメン1人のアーツ+20。","[ホロパワー：-2]Birthday Gift ～White～[ゲームに1回]自分のデッキから、白ホロメン1枚を公開し、手札に加える。そしてデッキをシャッフルする。","","PRカード","hBD24-005"
"https://hololive-official-cardgame.com/cardlist/?id=200&keyword=&attribute%5B0%5D=all&expansion_name=&card_kind%5B0%5D=%E6%8E%A8%E3%81%97%E3%83%9B%E3%83%AD%E3%83%A1%E3%83%B3&rare%5B0%5D=all&bloom_level%5B0%5D=all&parallel%5B0%5D=normal&view=text","https://hololive-official-cardgame.com/wp-content/images/cardlist/hPR/hBD24-006_P.png","クレイジー・オリー","推しホロメン","紫","5","[ホロパワー：-2]パープルエンハンス[ターンに1回]このターンの間、自分の紫ホロメン1人のアーツ+20。","[ホロパワー：-2]Birthday Gift ～Purple～[ゲームに1回]自分のデッキから、紫ホロメン1枚を公開し、手札に加える。そしてデッキをシャッフルする。","","PRカード","hBD24-006"
"https://hololive-official-cardgame.com/cardlist/?id=563&%2Fcardlist%2Fcardsearch_ex=&keyword=&attribute%5B0%5D=all&expansion_name=&card_kind%5B0%5D=%E6%8E%A8%E3%81%97%E3%83%9B%E3%83%AD%E3%83%A1%E3%83%B3&rare%5B0%5D=all&bloom_level%5B0%5D=all&parallel%5B0%5D=normal&view=text","https://hololive-official-cardgame.com/wp-content/images/cardlist/hPR/hBD24-007_P.png","ジジ・ムリン","推しホロメン","黄","5","[ホロパワー：-2]イエローエンハンス[ターンに1回]このターンの間、自分の黄ホロメン1人のアーツ+20。","[ホロパワー：-2]Birthday Gift ～Yellow～[ゲームに1回]自分のデッキから、黄ホロメン1枚を公開し、手札に加える。そしてデッキをシャッフルする。","","PRカード","hBD24-007"
"https://hololive-official-cardgame.com/cardlist/?id=830&%2Fcardlist%2Fcardsearch_ex=&keyword=&attribute%5B0%5D=all&expansion_name=&card_kind%5B0%5D=%E6%8E%A8%E3%81%97%E3%83%9B%E3%83%AD%E3%83%A1%E3%83%B3&rare%5B0%5D=all&bloom_level%5B0%5D=all&parallel%5B0%5D=normal&view=text","https://hololive-official-cardgame.com/wp-content/images/cardlist/hPR/hBD24-008_P.png","ベスティア・ゼータ","推しホロメン","白","5","[ホロパワー：-2]ホワイトエンハンス[ターンに1回]このターンの間、自分の白ホロメン1人のアーツ+20。","[ホロパワー：-2]Birthday Gift ～White～[ゲームに1回]自分のデッキから、白ホロメン1枚を公開し、手札に加える。そしてデッキをシャッフルする。","","PRカード","hBD24-008"
"https://hololive-official-cardgame.com/cardlist/?id=826&%2Fcardlist%2Fcardsearch_ex=&keyword=&attribute%5B0%5D=all&expansion_name=&card_kind%5B0%5D=%E6%8E%A8%E3%81%97%E3%83%9B%E3%83%AD%E3%83%A1%E3%83%B3&rare%5B0%5D=all&bloom_level%5B0%5D=all&parallel%5B0%5D=normal&view=text","https://hololive-official-cardgame.com/wp-content/images/cardlist/hPR/hBD24-009_P.png","セシリア・イマーグリーン","推しホロメン","緑","5","[ホロパワー：-2]グリーンエンハンス[ターンに1回]このターンの間、自分の緑ホロメン1人のアーツ+20。","[ホロパワー：-2]Birthday Gift ～Green～[ゲームに1回]自分のデッキから、緑ホロメン1枚を公開し、手札に加える。そしてデッキをシャッフルする。","","PRカード","hBD24-009"
"https://hololive-official-cardgame.com/cardlist/?id=827&%2Fcardlist%2Fcardsearch_ex=&keyword=&attribute%5B0%5D=all&expansion_name=&card_kind%5B0%5D=%E6%8E%A8%E3%81%97%E3%83%9B%E3%83%AD%E3%83%A1%E3%83%B3&rare%5B0%5D=all&bloom_level%5B0%5D=all&parallel%5B0%5D=normal&view=text","https://hololive-official-cardgame.com/wp-content/images/cardlist/hPR/hBD24-010_P.png","雪花ラミィ","推しホロメン","青","5","[ホロパワー：-2]ブルーエンハンス[ターンに1回]このターンの間、自分の青ホロメン1人のアーツ+20。","[ホロパワー：-2]Birthday Gift ～Blue～[ゲームに1回]自分のデッキから、青ホロメン1枚を公開し、手札に加える。そしてデッキをシャッフルする。","","PRカード","hBD24-010"
"https://hololive-official-cardgame.com/cardlist/?id=828&%2Fcardlist%2Fcardsearch_ex=&keyword=&attribute%5B0%5D=all&expansion_name=&card_kind%5B0%5D=%E6%8E%A8%E3%81%97%E3%83%9B%E3%83%AD%E3%83%A1%E3%83%B3&rare%5B0%5D=all&bloom_level%5B0%5D=all&parallel%5B0%5D=normal&view=text","https://hololive-official-cardgame.com/wp-content/images/cardlist/hPR/hBD24-011_P.png","ネリッサ・レイヴンクロフト","推しホロメン","紫","5","[ホロパワー：-2]パープルエンハンス[ターンに1回]このターンの間、自分の紫ホロメン1人のアーツ+20。","[ホロパワー：-2]Birthday Gift ～Purple～[ゲームに1回]自分のデッキから、紫ホロメン1枚を公開し、手札に加える。そしてデッキをシャッフルする。","","PRカード","hBD24-011"
"https://hololive-official-cardgame.com/cardlist/?id=846&%2Fcardlist%2Fcardsearch_ex=&keyword=&attribute%5B0%5D=all&expansion_name=&card_kind%5B0%5D=%E6%8E%A8%E3%81%97%E3%83%9B%E3%83%AD%E3%83%A1%E3%83%B3&rare%5B0%5D=all&bloom_level%5B0%5D=all&parallel%5B0%5D=normal&view=text","https://hololive-official-cardgame.com/wp-content/images/cardlist/hPR/hBD24-012_P.png","白銀ノエル","推しホロメン","白","5","[ホロパワー：-2]ホワイトエンハンス[ターンに1回]このターンの間、自分の白ホロメン1人のアーツ+20。","[ホロパワー：-2]Birthday Gift ～White～[ゲームに1回]自分のデッキから、白ホロメン1枚を公開し、手札に加える。そしてデッキをシャッフルする。","","PRカード","hBD24-012"
"https://hololive-official-cardgame.com/cardlist/?id=831&%2Fcardlist%2Fcardsearch_ex=&keyword=&attribute%5B0%5D=all&expansion_name=&card_kind%5B0%5D=%E6%8E%A8%E3%81%97%E3%83%9B%E3%83%AD%E3%83%A1%E3%83%B3&rare%5B0%5D=all&bloom_level%5B0%5D=all&parallel%5B0%5D=normal&view=text","https://hololive-official-cardgame.com/wp-content/images/cardlist/hPR/hBD24-013_P.png","紫咲シオン","推しホロメン","紫","5","[ホロパワー：-2]パープルエンハンス[ターンに1回]このターンの間、自分の紫ホロメン1人のアーツ+20。","[ホロパワー：-2]Birthday Gift ～Purple～[ゲームに1回]自分のデッキから、紫ホロメン1枚を公開し、手札に加える。そしてデッキをシャッフルする。","","PRカード","hBD24-013"
"https://hololive-official-cardgame.com/cardlist/?id=832&%2Fcardlist%2Fcardsearch_ex=&keyword=&attribute%5B0%5D=all&expansion_name=&card_kind%5B0%5D=%E6%8E%A8%E3%81%97%E3%83%9B%E3%83%AD%E3%83%A1%E3%83%B3&rare%5B0%5D=all&bloom_level%5B0%5D=all&parallel%5B0%5D=normal&view=text","https://hololive-official-cardgame.com/wp-content/images/cardlist/hPR/hBD24-014_P.png","こぼ・かなえる","推しホロメン","青","5","[ホロパワー：-2]ブルーエンハンス[ターンに1回]このターンの間、自分の青ホロメン1人のアーツ+20。","[ホロパワー：-2]Birthday Gift ～Blue～[ゲームに1回]自分のデッキから、青ホロメン1枚を公開し、手札に加える。そしてデッキをシャッフルする。","","PRカード","hBD24-014"
"https://hololive-official-cardgame.com/cardlist/?id=847&%2Fcardlist%2Fcardsearch_ex=&keyword=&attribute%5B0%5D=all&expansion_name=&card_kind%5B0%5D=%E6%8E%A8%E3%81%97%E3%83%9B%E3%83%AD%E3%83%A1%E3%83%B3&rare%5B0%5D=all&bloom_level%5B0%5D=all&parallel%5B0%5D=normal&view=text","https://hololive-official-cardgame.com/wp-content/images/cardlist/hPR/hBD24-015_P.png","百鬼あやめ","推しホロメン","赤","5","[ホロパワー：-2]レッドエンハンス[ターンに1回]このターンの間、自分の赤ホロメン1人のアーツ+20。","[ホロパワー：-2]Birthday Gift ～Red～[ゲームに1回]自分のデッキから、赤ホロメン1枚を公開し、手札に加える。そしてデッキをシャッフルする。","","PRカード","hBD24-015"
"https://hololive-official-cardgame.com/cardlist/?id=848&%2Fcardlist%2Fcardsearch_ex=&keyword=&attribute%5B0%5D=all&expansion_name=&card_kind%5B0%5D=%E6%8E%A8%E3%81%97%E3%83%9B%E3%83%AD%E3%83%A1%E3%83%B3&rare%5B0%5D=all&bloom_level%5B0%5D=all&parallel%5B0%5D=normal&view=text","https://hololive-official-cardgame.com/wp-content/images/cardlist/hPR/hBD24-016_P.png","沙花叉クロヱ","推しホロメン","青","5","[ホロパワー：-2]ブルーエンハンス[ターンに1回]このターンの間、自分の青ホロメン1人のアーツ+20。","[ホロパワー：-2]Anniversary Gift ～Blue～[ゲームに1回]自分のデッキから、青ホロメン1枚を公開し、手札に加える。そしてデッキをシャッフルする。","","PRカード","hBD24-016"
"https://hololive-official-cardgame.com/cardlist/?id=1090&%2Fcardlist%2Fcardsearch_ex=&keyword=&attribute%5B0%5D=all&expansion_name=&card_kind%5B0%5D=%E6%8E%A8%E3%81%97%E3%83%9B%E3%83%AD%E3%83%A1%E3%83%B3&rare%5B0%5D=all&bloom_level%5B0%5D=all&parallel%5B0%5D=normal&view=text","https://hololive-official-cardgame.com/wp-content/images/cardlist/hPR/hBD24-017_P.png","兎田ぺこら","推しホロメン","緑","5","[ホロパワー：-2]グリーンエンハンス[ターンに1回]このターンの間、自分の緑ホロメン1人のアーツ+20。","[ホロパワー：-2]Birthday Gift ～Green～[ゲームに1回]自分のデッキから、緑ホロメン1枚を公開し、手札に加える。そしてデッキをシャッフルする。","","PRカード","hBD24-017"
"https://hololive-official-cardgame.com/cardlist/?id=1091&%2Fcardlist%2Fcardsearch_ex=&keyword=&attribute%5B0%5D=all&expansion_name=&card_kind%5B0%5D=%E6%8E%A8%E3%81%97%E3%83%9B%E3%83%AD%E3%83%A1%E3%83%B3&rare%5B0%5D=all&bloom_level%5B0%5D=all&parallel%5B0%5D=normal&view=text","https://hololive-official-cardgame.com/wp-content/images/cardlist/hPR/hBD24-018_P_02.png","アユンダ・リス","推しホロメン","黄","5","[ホロパワー：-2]イエローエンハンス[ターンに1回]このターンの間、自分の黄ホロメン1人のアーツ+20。","[ホロパワー：-2]Birthday Gift ～Yellow～[ゲームに1回]自分のデッキから、黄ホロメン1枚を公開し、手札に加える。そしてデッキをシャッフルする。","","PRカード","hBD24-018"
"https://hololive-official-cardgame.com/cardlist/?id=1092&%2Fcardlist%2Fcardsearch_ex=&keyword=&attribute%5B0%5D=all&expansion_name=&card_kind%5B0%5D=%E6%8E%A8%E3%81%97%E3%83%9B%E3%83%AD%E3%83%A1%E3%83%B3&rare%5B0%5D=all&bloom_level%5B0%5D=all&parallel%5B0%5D=normal&view=text","https://hololive-official-cardgame.com/wp-content/images/cardlist/hPR/hBD24-019_P.png","尾丸ポルカ","推しホロメン","赤","5","[ホロパワー：-2]レッドエンハンス[ターンに1回]このターンの間、自分の赤ホロメン1人のアーツ+20。","[ホロパワー：-2]Birthday Gift ～Red～[ゲームに1回]自分のデッキから、赤ホロメン1枚を公開し、手札に加える。そしてデッキをシャッフルする。","","PRカード","hBD24-019"
"https://hololive-official-cardgame.com/cardlist/?id=1093&%2Fcardlist%2Fcardsearch_ex=&keyword=&attribute%5B0%5D=all&expansion_name=&card_kind%5B0%5D=%E6%8E%A8%E3%81%97%E3%83%9B%E3%83%AD%E3%83%A1%E3%83%B3&rare%5B0%5D=all&bloom_level%5B0%5D=all&parallel%5B0%5D=normal&view=text","https://hololive-official-cardgame.com/wp-content/images/cardlist/hPR/hBD24-020_P.png","フワワ・アビスガード","推しホロメン","青","5","[ホロパワー：-2]ブルーエンハンス[ターンに1回]このターンの間、自分の青ホロメン1人のアーツ+20。","[ホロパワー：-2]Birthday Gift ～Blue～[ゲームに1回]自分のデッキから、青ホロメン1枚を公開し、手札に加える。そしてデッキをシャッフルする。","","PRカード","hBD24-020"
"https://hololive-official-cardgame.com/cardlist/?id=1094&%2Fcardlist%2Fcardsearch_ex=&keyword=&attribute%5B0%5D=all&expansion_name=&card_kind%5B0%5D=%E6%8E%A8%E3%81%97%E3%83%9B%E3%83%AD%E3%83%A1%E3%83%B3&rare%5B0%5D=all&bloom_level%5B0%5D=all&parallel%5B0%5D=normal&view=text","https://hololive-official-cardgame.com/wp-content/images/cardlist/hPR/hBD24-021_P.png","モココ・アビスガード","推しホロメン","赤","5","[ホロパワー：-2]レッドエンハンス[ターンに1回]このターンの間、自分の赤ホロメン1人のアーツ+20。","[ホロパワー：-2]Birthday Gift ～Red～[ゲームに1回]自分のデッキから、赤ホロメン1枚を公開し、手札に加える。そしてデッキをシャッフルする。","","PRカード","hBD24-021"
"https://hololive-official-cardgame.com/cardlist/?id=1095&%2Fcardlist%2Fcardsearch_ex=&keyword=&attribute%5B0%5D=all&expansion_name=&card_kind%5B0%5D=%E6%8E%A8%E3%81%97%E3%83%9B%E3%83%AD%E3%83%A1%E3%83%B3&rare%5B0%5D=all&bloom_level%5B0%5D=all&parallel%5B0%5D=normal&view=text","https://hololive-official-cardgame.com/wp-content/images/cardlist/hPR/hBD24-022_P.png","儒烏風亭らでん","推しホロメン","緑","5","[ホロパワー：-2]グリーンエンハンス[ターンに1回]このターンの間、自分の緑ホロメン1人のアーツ+20。","[ホロパワー：-2]Birthday Gift ～Green～[ゲームに1回]自分のデッキから、緑ホロメン1枚を公開し、手札に加える。そしてデッキをシャッフルする。","","PRカード","hBD24-022"
"https://hololive-official-cardgame.com/cardlist/?id=1121&%2Fcardlist%2Fcardsearch_ex=&keyword=&attribute%5B0%5D=all&expansion_name=&card_kind%5B0%5D=%E6%8E%A8%E3%81%97%E3%83%9B%E3%83%AD%E3%83%A1%E3%83%B3&rare%5B0%5D=all&bloom_level%5B0%5D=all&parallel%5B0%5D=normal&view=text","https://hololive-official-cardgame.com/wp-content/images/cardlist/hPR/hBD24-023_P.png","癒月ちょこ","推しホロメン","紫","5","[ホロパワー：-2]パープルエンハンス[ターンに1回]このターンの間、自分の紫ホロメン1人のアーツ+20。","[ホロパワー：-2]Birthday Gift ～Purple～[ゲームに1回]自分のデッキから、紫ホロメン1枚を公開し、手札に加える。そしてデッキをシャッフルする。","","PRカード","hBD24-023"
"https://hololive-official-cardgame.com/cardlist/?id=1096&%2Fcardlist%2Fcardsearch_ex=&keyword=&attribute%5B0%5D=all&expansion_name=&card_kind%5B0%5D=%E6%8E%A8%E3%81%97%E3%83%9B%E3%83%AD%E3%83%A1%E3%83%B3&rare%5B0%5D=all&bloom_level%5B0%5D=all&parallel%5B0%5D=normal&view=text","https://hololive-official-cardgame.com/wp-content/images/cardlist/hPR/hBD24-024_P.png","ムーナ・ホシノヴァ","推しホロメン","青","5","[ホロパワー：-2]ブルーエンハンス[ターンに1回]このターンの間、自分の青ホロメン1人のアーツ+20。","[ホロパワー：-2]Birthday Gift ～Blue～[ゲームに1回]自分のデッキから、青ホロメン1枚を公開し、手札に加える。そしてデッキをシャッフルする。","","PRカード","hBD24-024"
"https://hololive-official-cardgame.com/cardlist/?id=1122&%2Fcardlist%2Fcardsearch_ex=&keyword=&attribute%5B0%5D=all&expansion_name=&card_kind%5B0%5D=%E6%8E%A8%E3%81%97%E3%83%9B%E3%83%AD%E3%83%A1%E3%83%B3&rare%5B0%5D=all&bloom_level%5B0%5D=all&parallel%5B0%5D=normal&view=text","https://hololive-official-cardgame.com/wp-content/images/cardlist/hPR/hBD24-025_P.png","アキ・ローゼンタール","推しホロメン","緑","5","[ホロパワー：-2]グリーンエンハンス[ターンに1回]このターンの間、自分の緑ホロメン1人のアーツ+20。","[ホロパワー：-2]Birthday Gift ～Green～[ゲームに1回]自分のデッキから、緑ホロメン1枚を公開し、手札に加える。そしてデッキをシャッフルする。","","PRカード","hBD24-025"
"https://hololive-official-cardgame.com/cardlist/?id=1123&%2Fcardlist%2Fcardsearch_ex=&keyword=&attribute%5B0%5D=all&expansion_name=&card_kind%5B0%5D=%E6%8E%A8%E3%81%97%E3%83%9B%E3%83%AD%E3%83%A1%E3%83%B3&rare%5B0%5D=all&bloom_level%5B0%5D=all&parallel%5B0%5D=normal&view=text","https://hololive-official-cardgame.com/wp-content/images/cardlist/hPR/hBD24-026_P.png","猫又おかゆ","推しホロメン","青","5","[ホロパワー：-2]ブルーエンハンス[ターンに1回]このターンの間、自分の青ホロメン1人のアーツ+20。","[ホロパワー：-2]Birthday Gift ～Blue～[ゲームに1回]自分のデッキから、青ホロメン1枚を公開し、手札に加える。そしてデッキをシャッフルする。","","PRカード","hBD24-026"
"https://hololive-official-cardgame.com/cardlist/?id=1097&%2Fcardlist%2Fcardsearch_ex=&keyword=&attribute%5B0%5D=all&expansion_name=&card_kind%5B0%5D=%E6%8E%A8%E3%81%97%E3%83%9B%E3%83%AD%E3%83%A1%E3%83%B3&rare%5B0%5D=all&bloom_level%5B0%5D=all&parallel%5B0%5D=normal&view=text","https://hololive-official-cardgame.com/wp-content/images/cardlist/hPR/hBD24-027_P.png","火威青","推しホロメン","青","5","[ホロパワー：-2]ブルーエンハンス[ターンに1回]このターンの間、自分の青ホロメン1人のアーツ+20。","[ホロパワー：-2]Birthday Gift ～Blue～[ゲームに1回]自分のデッキから、青ホロメン1枚を公開し、手札に加える。そしてデッキをシャッフルする。","","PRカード","hBD24-027"
"https://hololive-official-cardgame.com/cardlist/?id=1098&%2Fcardlist%2Fcardsearch_ex=&keyword=&attribute%5B0%5D=all&expansion_name=&card_kind%5B0%5D=%E6%8E%A8%E3%81%97%E3%83%9B%E3%83%AD%E3%83%A1%E3%83%B3&rare%5B0%5D=all&bloom_level%5B0%5D=all&parallel%5B0%5D=normal&view=text","https://hololive-official-cardgame.com/wp-content/images/cardlist/hPR/hBD24-028_P.png","ハコス・ベールズ","推しホロメン","赤","5","[ホロパワー：-2]レッドエンハンス[ターンに1回]このターンの間、自分の赤ホロメン1人のアーツ+20。","[ホロパワー：-2]Birthday Gift ～Red～[ゲームに1回]自分のデッキから、赤ホロメン1枚を公開し、手札に加える。そしてデッキをシャッフルする。","","PRカード","hBD24-028"
"https://hololive-official-cardgame.com/cardlist/?id=1124&%2Fcardlist%2Fcardsearch_ex=&keyword=&attribute%5B0%5D=all&expansion_name=&card_kind%5B0%5D=%E6%8E%A8%E3%81%97%E3%83%9B%E3%83%AD%E3%83%A1%E3%83%B3&rare%5B0%5D=all&bloom_level%5B0%5D=all&parallel%5B0%5D=normal&view=text","https://hololive-official-cardgame.com/wp-content/images/cardlist/hPR/hBD24-029_P.png","さくらみこ","推しホロメン","赤","5","[ホロパワー：-2]レッドエンハンス[ターンに1回]このターンの間、自分の赤ホロメン1人のアーツ+20。","[ホロパワー：-2]Birthday Gift ～Red～[ゲームに1回]自分のデッキから、赤ホロメン1枚を公開し、手札に加える。そしてデッキをシャッフルする。","","PRカード","hBD24-029"
"https://hololive-official-cardgame.com/cardlist/?id=1125&%2Fcardlist%2Fcardsearch_ex=&keyword=&attribute%5B0%5D=all&expansion_name=&card_kind%5B0%5D=%E6%8E%A8%E3%81%97%E3%83%9B%E3%83%AD%E3%83%A1%E3%83%B3&rare%5B0%5D=all&bloom_level%5B0%5D=all&parallel%5B0%5D=normal&view=text","https://hololive-official-cardgame.com/wp-content/images/cardlist/hPR/hBD24-030_P.png","アーニャ・メルフィッサ","推しホロメン","黄","5","[ホロパワー：-2]イエローエンハンス[ターンに1回]このターンの間、自分の黄ホロメン1人のアーツ+20。","[ホロパワー：-2]Birthday Gift ～Yellow～[ゲームに1回]自分のデッキから、黄ホロメン1枚を公開し、手札に加える。そしてデッキをシャッフルする。","","PRカード","hBD24-030"
"https://hololive-official-cardgame.com/cardlist/?id=1126&%2Fcardlist%2Fcardsearch_ex=&keyword=&attribute%5B0%5D=all&expansion_name=&card_kind%5B0%5D=%E6%8E%A8%E3%81%97%E3%83%9B%E3%83%AD%E3%83%A1%E3%83%B3&rare%5B0%5D=all&bloom_level%5B0%5D=all&parallel%5B0%5D=normal&view=text","https://hololive-official-cardgame.com/wp-content/images/cardlist/hPR/hBD24-031_P.png","オーロ・クロニー","推しホロメン","青","5","[ホロパワー：-2]ブルーエンハンス[ターンに1回]このターンの間、自分の青ホロメン1人のアーツ+20。","[ホロパワー：-2]Birthday Gift ～Blue～[ゲームに1回]自分のデッキから、青ホロメン1枚を公開し、手札に加える。そしてデッキをシャッフルする。","","PRカード","hBD24-031"
"https://hololive-official-cardgame.com/cardlist/?id=1127&%2Fcardlist%2Fcardsearch_ex=&keyword=&attribute%5B0%5D=all&expansion_name=&card_kind%5B0%5D=%E6%8E%A8%E3%81%97%E3%83%9B%E3%83%AD%E3%83%A1%E3%83%B3&rare%5B0%5D=all&bloom_level%5B0%5D=all&parallel%5B0%5D=normal&view=text","https://hololive-official-cardgame.com/wp-content/images/cardlist/hPR/hBD24-032_P.png","博衣こより","推しホロメン","白","5","[ホロパワー：-2]ホワイトエンハンス[ターンに1回]このターンの間、自分の白ホロメン1人のアーツ+20。","[ホロパワー：-2]Birthday Gift ～White～[ゲームに1回]自分のデッキから、白ホロメン1枚を公開し、手札に加える。そしてデッキをシャッフルする。","","PRカード","hBD24-032"
"https://hololive-official-cardgame.com/cardlist/?id=1166&%2Fcardlist%2Fcardsearch_ex=&keyword=&attribute%5B0%5D=all&expansion_name=&card_kind%5B0%5D=%E6%8E%A8%E3%81%97%E3%83%9B%E3%83%AD%E3%83%A1%E3%83%B3&rare%5B0%5D=all&bloom_level%5B0%5D=all&parallel%5B0%5D=normal&view=text","https://hololive-official-cardgame.com/wp-content/images/cardlist/hPR/hBD24-033_P.png","IRyS","推しホロメン","白","5","[ホロパワー：-2]ホワイトエンハンス[ターンに1回]このターンの間、自分の白ホロメン1人のアーツ+20。","[ホロパワー：-2]Birthday Gift ～White～[ゲームに1回]自分のデッキから、白ホロメン1枚を公開し、手札に加える。そしてデッキをシャッフルする。","","PRカード","hBD24-033"
"https://hololive-official-cardgame.com/cardlist/?id=1167&%2Fcardlist%2Fcardsearch_ex=&keyword=&attribute%5B0%5D=all&expansion_name=&card_kind%5B0%5D=%E6%8E%A8%E3%81%97%E3%83%9B%E3%83%AD%E3%83%A1%E3%83%B3&rare%5B0%5D=all&bloom_level%5B0%5D=all&parallel%5B0%5D=normal&view=text","https://hololive-official-cardgame.com/wp-content/images/cardlist/hPR/hBD24-034_P.png","星街すいせい","推しホロメン","青","5","[ホロパワー：-2]ブルーエンハンス[ターンに1回]このターンの間、自分の青ホロメン1人のアーツ+20。","[ホロパワー：-2]Birthday Gift ～Blue～[ゲームに1回]自分のデッキから、青ホロメン1枚を公開し、手札に加える。そしてデッキをシャッフルする。","","PRカード","hBD24-034"
"https://hololive-official-cardgame.com/cardlist/?id=1168&%2Fcardlist%2Fcardsearch_ex=&keyword=&attribute%5B0%5D=all&expansion_name=&card_kind%5B0%5D=%E6%8E%A8%E3%81%97%E3%83%9B%E3%83%AD%E3%83%A1%E3%83%B3&rare%5B0%5D=all&bloom_level%5B0%5D=all&parallel%5B0%5D=normal&view=text","https://hololive-official-cardgame.com/wp-content/images/cardlist/hPR/hBD24-035_P.png","桃鈴ねね","推しホロメン","黄","5","[ホロパワー：-2]イエローエンハンス[ターンに1回]このターンの間、自分の黄ホロメン1人のアーツ+20。","[ホロパワー：-2]Birthday Gift ～Yellow～[ゲームに1回]自分のデッキから、黄ホロメン1枚を公開し、手札に加える。そしてデッキをシャッフルする。","","PRカード","hBD24-035"
"https://hololive-official-cardgame.com/cardlist/?id=1169&%2Fcardlist%2Fcardsearch_ex=&keyword=&attribute%5B0%5D=all&expansion_name=&card_kind%5B0%5D=%E6%8E%A8%E3%81%97%E3%83%9B%E3%83%AD%E3%83%A1%E3%83%B3&rare%5B0%5D=all&bloom_level%5B0%5D=all&parallel%5B0%5D=normal&view=text","https://hololive-official-cardgame.com/wp-content/images/cardlist/hPR/hBD24-036_P.png","不知火フレア","推しホロメン","黄","5","[ホロパワー：-2]イエローエンハンス[ターンに1回]このターンの間、自分の黄ホロメン1人のアーツ+20。","[ホロパワー：-2]Birthday Gift ～Yellow～[ゲームに1回]自分のデッキから、黄ホロメン1枚を公開し、手札に加える。そしてデッキをシャッフルする。","","PRカード","hBD24-036"
"https://hololive-official-cardgame.com/cardlist/?id=1170&%2Fcardlist%2Fcardsearch_ex=&keyword=&attribute%5B0%5D=all&expansion_name=&card_kind%5B0%5D=%E6%8E%A8%E3%81%97%E3%83%9B%E3%83%AD%E3%83%A1%E3%83%B3&rare%5B0%5D=all&bloom_level%5B0%5D=all&parallel%5B0%5D=normal&view=text","https://hololive-official-cardgame.com/wp-content/images/cardlist/hPR/hBD24-037_P.png","森カリオペ","推しホロメン","紫","5","[ホロパワー：-2]パープルエンハンス[ターンに1回]このターンの間、自分の紫ホロメン1人のアーツ+20。","[ホロパワー：-2]Birthday Gift ～Purple～[ゲームに1回]自分のデッキから、紫ホロメン1枚を公開し、手札に加える。そしてデッキをシャッフルする。","","PRカード","hBD24-037"
"https://hololive-official-cardgame.com/cardlist/?id=1171&%2Fcardlist%2Fcardsearch_ex=&keyword=&attribute%5B0%5D=all&expansion_name=&card_kind%5B0%5D=%E6%8E%A8%E3%81%97%E3%83%9B%E3%83%AD%E3%83%A1%E3%83%B3&rare%5B0%5D=all&bloom_level%5B0%5D=all&parallel%5B0%5D=normal&view=text","https://hololive-official-cardgame.com/wp-content/images/cardlist/hPR/hBD24-038_P.png","古石ビジュー","推しホロメン","紫","5","[ホロパワー：-2]パープルエンハンス[ターンに1回]このターンの間、自分の紫ホロメン1人のアーツ+20。","[ホロパワー：-2]Birthday Gift ～Purple～[ゲームに1回]自分のデッキから、紫ホロメン1枚を公開し、手札に加える。そしてデッキをシャッフルする。","","PRカード","hBD24-038"
"https://hololive-official-cardgame.com/cardlist/?id=1172&%2Fcardlist%2Fcardsearch_ex=&keyword=&attribute%5B0%5D=all&expansion_name=&card_kind%5B0%5D=%E6%8E%A8%E3%81%97%E3%83%9B%E3%83%AD%E3%83%A1%E3%83%B3&rare%5B0%5D=all&bloom_level%5B0%5D=all&parallel%5B0%5D=normal&view=text","https://hololive-official-cardgame.com/wp-content/images/cardlist/hPR/hBD24-039_P.png","音乃瀬奏","推しホロメン","黄","5","[ホロパワー：-2]イエローエンハンス[ターンに1回]このターンの間、自分の黄ホロメン1人のアーツ+20。","[ホロパワー：-2]Birthday Gift ～Yellow～[ゲームに1回]自分のデッキから、黄ホロメン1枚を公開し、手札に加える。そしてデッキをシャッフルする。","","PRカード","hBD24-039"
"https://hololive-official-cardgame.com/cardlist/?id=1173&%2Fcardlist%2Fcardsearch_ex=&keyword=&attribute%5B0%5D=all&expansion_name=&card_kind%5B0%5D=%E6%8E%A8%E3%81%97%E3%83%9B%E3%83%AD%E3%83%A1%E3%83%B3&rare%5B0%5D=all&bloom_level%5B0%5D=all&parallel%5B0%5D=normal&view=text","https://hololive-official-cardgame.com/wp-content/images/cardlist/hPR/hBD24-040_P.png","天音かなた","推しホロメン","白","5","[ホロパワー：-2]ホワイトエンハンス[ターンに1回]このターンの間、自分の白ホロメン1人のアーツ+20。","[ホロパワー：-2]Birthday Gift ～White～[ゲームに1回]自分のデッキから、白ホロメン1枚を公開し、手札に加える。そしてデッキをシャッフルする。","","PRカード","hBD24-040"
"https://hololive-official-cardgame.com/cardlist/?id=1413&%2Fcardlist%2Fcardsearch_ex=&keyword=&attribute%5B0%5D=all&expansion_name=&card_kind%5B0%5D=%E6%8E%A8%E3%81%97%E3%83%9B%E3%83%AD%E3%83%A1%E3%83%B3&rare%5B0%5D=all&bloom_level%5B0%5D=all&parallel%5B0%5D=normal&view=text","https://hololive-official-cardgame.com/wp-content/images/cardlist/hPR/hBD24-041_P.png","エリザベス・ローズ・ブラッドフレイム","推しホロメン","赤","5","[ホロパワー：-2]レッドエンハンス[ターンに1回]このターンの間、自分の赤ホロメン1人のアーツ+20。","[ホロパワー：-2]Birthday Gift ～Red～[ゲームに1回]自分のデッキから、赤ホロメン1枚を公開し、手札に加える。そしてデッキをシャッフルする。","","PRカード","hBD24-041"
"https://hololive-official-cardgame.com/cardlist/?id=1414&%2Fcardlist%2Fcardsearch_ex=&keyword=&attribute%5B0%5D=all&expansion_name=&card_kind%5B0%5D=%E6%8E%A8%E3%81%97%E3%83%9B%E3%83%AD%E3%83%A1%E3%83%B3&rare%5B0%5D=all&bloom_level%5B0%5D=all&parallel%5B0%5D=normal&view=text","https://hololive-official-cardgame.com/wp-content/images/cardlist/hPR/hBD24-042_P.png","シオリ・ノヴェラ","推しホロメン","青","5","[ホロパワー：-2]ブルーエンハンス[ターンに1回]このターンの間、自分の青ホロメン1人のアーツ+20。","[ホロパワー：-2]Birthday Gift ～Blue～[ゲームに1回]自分のデッキから、青ホロメン1枚を公開し、手札に加える。そしてデッキをシャッフルする。","","PRカード","hBD24-042"
"https://hololive-official-cardgame.com/cardlist/?id=1415&%2Fcardlist%2Fcardsearch_ex=&keyword=&attribute%5B0%5D=all&expansion_name=&card_kind%5B0%5D=%E6%8E%A8%E3%81%97%E3%83%9B%E3%83%AD%E3%83%A1%E3%83%B3&rare%5B0%5D=all&bloom_level%5B0%5D=all&parallel%5B0%5D=normal&view=text","https://hololive-official-cardgame.com/wp-content/images/cardlist/hPR/hBD24-043_P.png","ラオーラ・パンテーラ","推しホロメン","白","5","[ホロパワー：-2]ホワイトエンハンス[ターンに1回]このターンの間、自分の白ホロメン1人のアーツ+20。","[ホロパワー：-2]Birthday Gift ～White～[ゲームに1回]自分のデッキから、白ホロメン1枚を公開し、手札に加える。そしてデッキをシャッフルする。","","PRカード","hBD24-043"
"https://hololive-official-cardgame.com/cardlist/?id=1416&%2Fcardlist%2Fcardsearch_ex=&keyword=&attribute%5B0%5D=all&expansion_name=&card_kind%5B0%5D=%E6%8E%A8%E3%81%97%E3%83%9B%E3%83%AD%E3%83%A1%E3%83%B3&rare%5B0%5D=all&bloom_level%5B0%5D=all&parallel%5B0%5D=normal&view=text","https://hololive-official-cardgame.com/wp-content/images/cardlist/hPR/hBD24-044_P.png","一条莉々華","推しホロメン","赤","5","[ホロパワー：-2]レッドエンハンス[ターンに1回]このターンの間、自分の赤ホロメン1人のアーツ+20。","[ホロパワー：-2]Birthday Gift ～Red～[ゲームに1回]自分のデッキから、赤ホロメン1枚を公開し、手札に加える。そしてデッキをシャッフルする。","","PRカード","hBD24-044"
"https://hololive-official-cardgame.com/cardlist/?id=1419&%2Fcardlist%2Fcardsearch_ex=&keyword=&attribute%5B0%5D=all&expansion_name=&card_kind%5B0%5D=%E6%8E%A8%E3%81%97%E3%83%9B%E3%83%AD%E3%83%A1%E3%83%B3&rare%5B0%5D=all&bloom_level%5B0%5D=all&parallel%5B0%5D=normal&view=text","https://hololive-official-cardgame.com/wp-content/images/cardlist/hPR/hBD24-047_P.png","ロボ子さん","推しホロメン","紫","5","[ホロパワー：-2]パープルエンハンス[ターンに1回]このターンの間、自分の紫ホロメン1人のアーツ+20。","[ホロパワー：-2]Birthday Gift ～Purple～[ゲームに1回]自分のデッキから、紫ホロメン1枚を公開し、手札に加える。そしてデッキをシャッフルする。","","PRカード","hBD24-047"
"https://hololive-official-cardgame.com/cardlist/?id=1420&%2Fcardlist%2Fcardsearch_ex=&keyword=&attribute%5B0%5D=all&expansion_name=&card_kind%5B0%5D=%E6%8E%A8%E3%81%97%E3%83%9B%E3%83%AD%E3%83%A1%E3%83%B3&rare%5B0%5D=all&bloom_level%5B0%5D=all&parallel%5B0%5D=normal&view=text","https://hololive-official-cardgame.com/wp-content/images/cardlist/hPR/hBD24-048_P.png","ラプラス・ダークネス","推しホロメン","紫","5","[ホロパワー：-2]パープルエンハンス[ターンに1回]このターンの間、自分の紫ホロメン1人のアーツ+20。","[ホロパワー：-2]Birthday Gift ～Purple～[ゲームに1回]自分のデッキから、紫ホロメン1枚を公開し、手札に加える。そしてデッキをシャッフルする。","","PRカード","hBD24-048"
"https://hololive-official-cardgame.com/cardlist/?id=1421&%2Fcardlist%2Fcardsearch_ex=&keyword=&attribute%5B0%5D=all&expansion_name=&card_kind%5B0%5D=%E6%8E%A8%E3%81%97%E3%83%9B%E3%83%AD%E3%83%A1%E3%83%B3&rare%5B0%5D=all&bloom_level%5B0%5D=all&parallel%5B0%5D=normal&view=text","https://hololive-official-cardgame.com/wp-content/images/cardlist/hPR/hBD24-049_P.png","響咲リオナ","推しホロメン","白","5","[ホロパワー：-2]ホワイトエンハンス[ターンに1回]このターンの間、自分の白ホロメン1人のアーツ+20。","[ホロパワー：-2]Birthday Gift ～White～[ゲームに1回]自分のデッキから、白ホロメン1枚を公開し、手札に加える。そしてデッキをシャッフルする。","","PRカード","hBD24-049"
"https://hololive-official-cardgame.com/cardlist/?id=1422&%2Fcardlist%2Fcardsearch_ex=&keyword=&attribute%5B0%5D=all&expansion_name=&card_kind%5B0%5D=%E6%8E%A8%E3%81%97%E3%83%9B%E3%83%AD%E3%83%A1%E3%83%B3&rare%5B0%5D=all&bloom_level%5B0%5D=all&parallel%5B0%5D=normal&view=text","https://hololive-official-cardgame.com/wp-content/images/cardlist/hPR/hBD24-050_P.png","角巻わため","推しホロメン","黄","5","[ホロパワー：-2]イエローエンハンス[ターンに1回]このターンの間、自分の黄ホロメン1人のアーツ+20。","[ホロパワー：-2]Birthday Gift ～Yellow～[ゲームに1回]自分のデッキから、黄ホロメン1枚を公開し、手札に加える。そしてデッキをシャッフルする。","","PRカード","hBD24-050"
"https://hololive-official-cardgame.com/cardlist/?id=1424&%2Fcardlist%2Fcardsearch_ex=&keyword=&attribute%5B0%5D=all&expansion_name=&card_kind%5B0%5D=%E6%8E%A8%E3%81%97%E3%83%9B%E3%83%AD%E3%83%A1%E3%83%B3&rare%5B0%5D=all&bloom_level%5B0%5D=all&parallel%5B0%5D=normal&view=text","https://hololive-official-cardgame.com/wp-content/images/cardlist/hPR/hBD24-052_P.png","鷹嶺ルイ","推しホロメン","赤","5","[ホロパワー：-2]レッドエンハンス[ターンに1回]このターンの間、自分の赤ホロメン1人のアーツ+20。","[ホロパワー：-2]Birthday Gift ～Red～[ゲームに1回]自分のデッキから、赤ホロメン1枚を公開し、手札に加える。そしてデッキをシャッフルする。","","PRカード","hBD24-052"
"https://hololive-official-cardgame.com/cardlist/?id=1426&%2Fcardlist%2Fcardsearch_ex=&keyword=&attribute%5B0%5D=all&expansion_name=&card_kind%5B0%5D=%E6%8E%A8%E3%81%97%E3%83%9B%E3%83%AD%E3%83%A1%E3%83%B3&rare%5B0%5D=all&bloom_level%5B0%5D=all&parallel%5B0%5D=normal&view=text","https://hololive-official-cardgame.com/wp-content/images/cardlist/hPR/hBD24-054_P.png","風真いろは","推しホロメン","緑","5","[ホロパワー：-2]グリーンエンハンス[ターンに1回]このターンの間、自分の緑ホロメン1人のアーツ+20。","[ホロパワー：-2]Birthday Gift ～Green～[ゲームに1回]自分のデッキから、緑ホロメン1枚を公開し、手札に加える。そしてデッキをシャッフルする。","","PRカード","hBD24-054"
"https://hololive-official-cardgame.com/cardlist/?id=1427&%2Fcardlist%2Fcardsearch_ex=&keyword=&attribute%5B0%5D=all&expansion_name=&card_kind%5B0%5D=%E6%8E%A8%E3%81%97%E3%83%9B%E3%83%AD%E3%83%A1%E3%83%B3&rare%5B0%5D=all&bloom_level%5B0%5D=all&parallel%5B0%5D=normal&view=text","https://hololive-official-cardgame.com/wp-content/images/cardlist/hPR/hBD24-055_P.png","AZKi","推しホロメン","緑","5","[ホロパワー：-2]グリーンエンハンス[ターンに1回]このターンの間、自分の緑ホロメン1人のアーツ+20。","[ホロパワー：-2]Birthday Gift ～Green～[ゲームに1回]自分のデッキから、緑ホロメン1枚を公開し、手札に加える。そしてデッキをシャッフルする。","","PRカード","hBD24-055"
"https://hololive-official-cardgame.com/cardlist/?id=1428&%2Fcardlist%2Fcardsearch_ex=&keyword=&attribute%5B0%5D=all&expansion_name=&card_kind%5B0%5D=%E6%8E%A8%E3%81%97%E3%83%9B%E3%83%AD%E3%83%A1%E3%83%B3&rare%5B0%5D=all&bloom_level%5B0%5D=all&parallel%5B0%5D=normal&view=text","https://hololive-official-cardgame.com/wp-content/images/cardlist/hPR/hBD24-056_P.png","大空スバル","推しホロメン","黄","5","[ホロパワー：-2]イエローエンハンス[ターンに1回]このターンの間、自分の黄ホロメン1人のアーツ+20。","[ホロパワー：-2]Birthday Gift ～Yellow～[ゲームに1回]自分のデッキから、黄ホロメン1枚を公開し、手札に加える。そしてデッキをシャッフルする。","","PRカード","hBD24-056"
"https://hololive-official-cardgame.com/cardlist/?id=1430&%2Fcardlist%2Fcardsearch_ex=&keyword=&attribute%5B0%5D=all&expansion_name=&card_kind%5B0%5D=%E6%8E%A8%E3%81%97%E3%83%9B%E3%83%AD%E3%83%A1%E3%83%B3&rare%5B0%5D=all&bloom_level%5B0%5D=all&parallel%5B0%5D=normal&view=text","https://hololive-official-cardgame.com/wp-content/images/cardlist/hPR/hBD24-058_P.png","輪堂千速","推しホロメン","緑","5","[ホロパワー：-2]グリーンエンハンス[ターンに1回]このターンの間、自分の緑ホロメン1人のアーツ+20。","[ホロパワー：-2]Birthday Gift ～Green～[ゲームに1回]自分のデッキから、緑ホロメン1枚を公開し、手札に加える。そしてデッキをシャッフルする。","","PRカード","hBD24-058"
"https://hololive-official-cardgame.com/cardlist/?id=1431&%2Fcardlist%2Fcardsearch_ex=&keyword=&attribute%5B0%5D=all&expansion_name=&card_kind%5B0%5D=%E6%8E%A8%E3%81%97%E3%83%9B%E3%83%AD%E3%83%A1%E3%83%B3&rare%5B0%5D=all&bloom_level%5B0%5D=all&parallel%5B0%5D=normal&view=text","https://hololive-official-cardgame.com/wp-content/images/cardlist/hPR/hBD24-059_P.png","アイラニ・イオフィフティーン","推しホロメン","緑","5","[ホロパワー：-2]グリーンエンハンス[ターンに1回]このターンの間、自分の緑ホロメン1人のアーツ+20。","[ホロパワー：-2]Birthday Gift ～Green～[ゲームに1回]自分のデッキから、緑ホロメン1枚を公開し、手札に加える。そしてデッキをシャッフルする。","","PRカード","hBD24-059"
"https://hololive-official-cardgame.com/cardlist/?id=1432&%2Fcardlist%2Fcardsearch_ex=&keyword=&attribute%5B0%5D=all&expansion_name=&card_kind%5B0%5D=%E6%8E%A8%E3%81%97%E3%83%9B%E3%83%AD%E3%83%A1%E3%83%B3&rare%5B0%5D=all&bloom_level%5B0%5D=all&parallel%5B0%5D=normal&view=text","https://hololive-official-cardgame.com/wp-content/images/cardlist/hPR/hBD24-060_P.png","虎金妃笑虎","推しホロメン","黄","5","[ホロパワー：-2]イエローエンハンス[ターンに1回]このターンの間、自分の黄ホロメン1人のアーツ+20。","[ホロパワー：-2]Birthday Gift ～Yellow～[ゲームに1回]自分のデッキから、黄ホロメン1枚を公開し、手札に加える。そしてデッキをシャッフルする。","","PRカード","hBD24-060"
"https://hololive-official-cardgame.com/cardlist/?id=1435&%2Fcardlist%2Fcardsearch_ex=&keyword=&attribute%5B0%5D=all&expansion_name=&card_kind%5B0%5D=%E6%8E%A8%E3%81%97%E3%83%9B%E3%83%AD%E3%83%A1%E3%83%B3&rare%5B0%5D=all&bloom_level%5B0%5D=all&parallel%5B0%5D=normal&view=text","https://hololive-official-cardgame.com/wp-content/images/cardlist/hPR/hBD24-063_P.png","赤井はあと","推しホロメン","赤","5","[ホロパワー：-2]レッドエンハンス[ターンに1回]このターンの間、自分の赤ホロメン1人のアーツ+20。","[ホロパワー：-2]Birthday Gift ～Red～[ゲームに1回]自分のデッキから、赤ホロメン1枚を公開し、手札に加える。そしてデッキをシャッフルする。","","PRカード","hBD24-063"
"https://hololive-official-cardgame.com/cardlist/?id=1436&%2Fcardlist%2Fcardsearch_ex=&keyword=&attribute%5B0%5D=all&expansion_name=&card_kind%5B0%5D=%E6%8E%A8%E3%81%97%E3%83%9B%E3%83%AD%E3%83%A1%E3%83%B3&rare%5B0%5D=all&bloom_level%5B0%5D=all&parallel%5B0%5D=normal&view=text","https://hololive-official-cardgame.com/wp-content/images/cardlist/hPR/hBD24-064_P.png","大神ミオ","推しホロメン","緑","5","[ホロパワー：-2]グリーンエンハンス[ターンに1回]このターンの間、自分の緑ホロメン1人のアーツ+20。","[ホロパワー：-2]Birthday Gift ～Green～[ゲームに1回]自分のデッキから、緑ホロメン1枚を公開し、手札に加える。そしてデッキをシャッフルする。","","PRカード","hBD24-064"
"https://hololive-official-cardgame.com/cardlist/?id=22&%2Fcardlist%2Fcardsearch_ex=&keyword=&attribute%5B0%5D=all&expansion_name=&card_kind%5B0%5D=%E6%8E%A8%E3%81%97%E3%83%9B%E3%83%AD%E3%83%A1%E3%83%B3&rare%5B0%5D=all&bloom_level%5B0%5D=all&parallel%5B0%5D=normal&view=text","https://hololive-official-cardgame.com/wp-content/images/cardlist/hBP01/hBP01-001_OSR.png","天音かなた","推しホロメン","白","5","[ホロパワー：-3]ぎゅっぎゅっ[ターンに１回]相手のセンターホロメンの残りHPを50にする。","[ホロパワー：-2]握りつぶしちゃうぞ[ゲームに１回]このターンの間、自分のホロメン１人のアーツ+50。そのホロメンの色が白の時、さらに、そのアーツ+50。","","ブルーミングレディアンス","hBP01-001"
"https://hololive-official-cardgame.com/cardlist/?id=24&%2Fcardlist%2Fcardsearch_ex=&keyword=&attribute%5B0%5D=all&expansion_name=&card_kind%5B0%5D=%E6%8E%A8%E3%81%97%E3%83%9B%E3%83%AD%E3%83%A1%E3%83%B3&rare%5B0%5D=all&bloom_level%5B0%5D=all&parallel%5B0%5D=normal&view=text","https://hololive-official-cardgame.com/wp-content/images/cardlist/hBP01/hBP01-002_OSR.png","七詩ムメイ","推しホロメン","白","5","[ホロパワー：-2]文明の守護者[ターンに１回]相手のターンで、自分の#Promiseを持つホロメンが相手からダメージを受ける時に使える：そのホロメン１人が受けるダメージ-50。","[ホロパワー：-2]アメイジング・ドローイング[ゲームに１回]自分のデッキから、イベント１枚を公開し、手札に加える。そしてデッキをシャッフルする。","","ブルーミングレディアンス","hBP01-002"
"https://hololive-official-cardgame.com/cardlist/?id=26&%2Fcardlist%2Fcardsearch_ex=&keyword=&attribute%5B0%5D=all&expansion_name=&card_kind%5B0%5D=%E6%8E%A8%E3%81%97%E3%83%9B%E3%83%AD%E3%83%A1%E3%83%B3&rare%5B0%5D=all&bloom_level%5B0%5D=all&parallel%5B0%5D=normal&view=text","https://hololive-official-cardgame.com/wp-content/images/cardlist/hBP01/hBP01-003_OSR.png","アキ・ローゼンタール","推しホロメン","緑","5","[ホロパワー：-2]サバイバルパワー[ターンに１回]自分のデッキから、〈石の斧〉１枚を公開し、自分の緑ホロメンに付ける。そしてデッキをシャッフルする。","[ホロパワー：-2]大地の唄[ゲームに１回]自分の緑センターホロメンのHPすべて回復。","","ブルーミングレディアンス","hBP01-003"
"https://hololive-official-cardgame.com/cardlist/?id=28&%2Fcardlist%2Fcardsearch_ex=&keyword=&attribute%5B0%5D=all&expansion_name=&card_kind%5B0%5D=%E6%8E%A8%E3%81%97%E3%83%9B%E3%83%AD%E3%83%A1%E3%83%B3&rare%5B0%5D=all&bloom_level%5B0%5D=all&parallel%5B0%5D=normal&view=text","https://hololive-official-cardgame.com/wp-content/images/cardlist/hBP01/hBP01-004_OSR.png","兎田ぺこら","推しホロメン","緑","6","[ホロパワー：-2]野兎たち～[ターンに１回]相手のターンで、自分のホロメンがダウンした時に使える：自分のダウンしたホロメン１人の緑エールすべてを、自分の他のホロメンに割り振って付け替える。","[ホロパワー：-3]幸運兎[ゲームに１回]このターンの間、自分のサイコロの目の数すべてを６として扱う。","","ブルーミングレディアンス","hBP01-004"
"https://hololive-official-cardgame.com/cardlist/?id=30&%2Fcardlist%2Fcardsearch_ex=&keyword=&attribute%5B0%5D=all&expansion_name=&card_kind%5B0%5D=%E6%8E%A8%E3%81%97%E3%83%9B%E3%83%AD%E3%83%A1%E3%83%B3&rare%5B0%5D=all&bloom_level%5B0%5D=all&parallel%5B0%5D=normal&view=text","https://hololive-official-cardgame.com/wp-content/images/cardlist/hBP01/hBP01-005_OSR.png","鷹嶺ルイ","推しホロメン","赤","5","[ホロパワー：-X]女幹部の采配[ターンに１回]自分の赤ホロメンの能力で手札をアーカイブする時に使える：アーカイブする手札1枚につき自分のホロパワー1枚を、かわりにアーカイブできる。","[ホロパワー：-2]ホークアイ[ゲームに１回]次の相手のターンの間、相手のセンターホロメンとコラボホロメンは、バトンタッチ、移動、交代できない。","","ブルーミングレディアンス","hBP01-005"
"https://hololive-official-cardgame.com/cardlist/?id=32&%2Fcardlist%2Fcardsearch_ex=&keyword=&attribute%5B0%5D=all&expansion_name=&card_kind%5B0%5D=%E6%8E%A8%E3%81%97%E3%83%9B%E3%83%AD%E3%83%A1%E3%83%B3&rare%5B0%5D=all&bloom_level%5B0%5D=all&parallel%5B0%5D=normal&view=text","https://hololive-official-cardgame.com/wp-content/images/cardlist/hBP01/hBP01-006_OSR.png","小鳥遊キアラ","推しホロメン","赤","5","[ホロパワー：-2]フェニックステール[ターンに１回]自分のアーカイブのホロメン１枚を手札に戻す。","[ホロパワー：-2]Rise from the ashes[ゲームに１回]相手のターンで、自分の赤ホロメンがダウンした時に使える：自分の減るライフ-１。さらに、ダウンした１人を選び、そのホロメンを含め重なっているホロメンすべてを手札に戻す。","","ブルーミングレディアンス","hBP01-006"
"https://hololive-official-cardgame.com/cardlist/?id=35&%2Fcardlist%2Fcardsearch_ex=&keyword=&attribute%5B0%5D=all&expansion_name=&card_kind%5B0%5D=%E6%8E%A8%E3%81%97%E3%83%9B%E3%83%AD%E3%83%A1%E3%83%B3&rare%5B0%5D=all&bloom_level%5B0%5D=all&parallel%5B0%5D=normal&view=text","https://hololive-official-cardgame.com/wp-content/images/cardlist/hBP01/hBP01-007_OSR.png","星街すいせい","推しホロメン","青","5","[ホロパワー：-2]ほうき星[ターンに１回]この推しホロメンか自分の青ホロメンが相手のバックホロメンにダメージを与えた時に使える：その相手のバックホロメン１人に特殊ダメージ50を与える。","[ホロパワー：-2]シューティングスター[ゲームに１回]自分の青ホロメンが相手のセンターホロメンかコラボホロメンにダメージを与えた時に使える：相手のバックホロメン１人にそれと同じ数値の特殊ダメージを与える。","","ブルーミングレディアンス","hBP01-007"
"https://hololive-official-cardgame.com/cardlist/?id=38&%2Fcardlist%2Fcardsearch_ex=&keyword=&attribute%5B0%5D=all&expansion_name=&card_kind%5B0%5D=%E6%8E%A8%E3%81%97%E3%83%9B%E3%83%AD%E3%83%A1%E3%83%B3&rare%5B0%5D=all&bloom_level%5B0%5D=all&parallel%5B0%5D=normal&view=text","https://hololive-official-cardgame.com/wp-content/images/cardlist/hBP01/hBP01-008_OSR.png","こぼ・かなえる","推しホロメン","青","6","[ホロパワー：-1]レイン・シャーマニズム[ターンに１回]自分の青ホロメンの能力でエールをアーカイブした時に使える：相手のホロメン１人に特殊ダメージ20を与える。","[ホロパワー：-3]雨乞い[ゲームに１回]自分のアーカイブのエール１～５枚を、自分の#IDを持つホロメンに割り振って送る。","","ブルーミングレディアンス","hBP01-008"
"https://hololive-official-cardgame.com/cardlist/?id=268&%2Fcardlist%2Fcardsearch_ex=&keyword=&attribute%5B0%5D=all&expansion_name=&card_kind%5B0%5D=%E6%8E%A8%E3%81%97%E3%83%9B%E3%83%AD%E3%83%A1%E3%83%B3&rare%5B0%5D=all&bloom_level%5B0%5D=all&parallel%5B0%5D=normal&view=text","https://hololive-official-cardgame.com/wp-content/images/cardlist/hBP02/hBP02-001_OSR.png","白上フブキ","推しホロメン","白","5","[ホロパワー：2消費]マスコット創造[ターンに1回]自分のデッキから、マスコット1枚を公開し、手札に加える。そしてデッキをシャッフルする。","[ホロパワー：2消費]フブキングダム[ゲームに1回]自分の白ホロメンが相手のホロメンをダウンさせた時、自分のステージのマスコット2枚につき、サイコロを1回振れる：奇数が1回以上出たなら、相手のライフ-1。","","クインテットスペクトラム","hBP02-001"
"https://hololive-official-cardgame.com/cardlist/?id=269&%2Fcardlist%2Fcardsearch_ex=&keyword=&attribute%5B0%5D=all&expansion_name=&card_kind%5B0%5D=%E6%8E%A8%E3%81%97%E3%83%9B%E3%83%AD%E3%83%A1%E3%83%B3&rare%5B0%5D=all&bloom_level%5B0%5D=all&parallel%5B0%5D=normal&view=text","https://hololive-official-cardgame.com/wp-content/images/cardlist/hBP02/hBP02-002_OSR.png","パヴォリア・レイネ","推しホロメン","緑","5","[ホロパワー：2消費]HALU[ターンに1回]自分のホロメンの緑エール1枚をアーカイブすることで、自分のエールデッキから、エール1枚を公開し、自分のホロメンに送る。そしてエールデッキをシャッフルする。","[ホロパワー：2消費]極彩色の宴[ゲームに1回]このターンの間、自分のステージの#ID2期生を持つホロメン全員は、そのホロメンのエール1色につき、アーツ+20。","","クインテットスペクトラム","hBP02-002"
"https://hololive-official-cardgame.com/cardlist/?id=270&%2Fcardlist%2Fcardsearch_ex=&keyword=&attribute%5B0%5D=all&expansion_name=&card_kind%5B0%5D=%E6%8E%A8%E3%81%97%E3%83%9B%E3%83%AD%E3%83%A1%E3%83%B3&rare%5B0%5D=all&bloom_level%5B0%5D=all&parallel%5B0%5D=normal&view=text","https://hololive-official-cardgame.com/wp-content/images/cardlist/hBP02/hBP02-003_OSR.png","宝鐘マリン","推しホロメン","赤","5","[ホロパワー：3消費]Ahoy![ターンに1回]自分のこのターンにBloomした#3期生を持つホロメン1人を、自分の手札のホロメンを使ってもう1回Bloomさせる。","[ホロパワー：2消費]出航～！[ゲームに1回]相手のセンターホロメンかコラボホロメンどちらかに、自分のセンターホロメンの〈宝鐘マリン〉に重なっているホロメン1枚につき、特殊ダメージ50を与える。","","クインテットスペクトラム","hBP02-003"
"https://hololive-official-cardgame.com/cardlist/?id=271&%2Fcardlist%2Fcardsearch_ex=&keyword=&attribute%5B0%5D=all&expansion_name=&card_kind%5B0%5D=%E6%8E%A8%E3%81%97%E3%83%9B%E3%83%AD%E3%83%A1%E3%83%B3&rare%5B0%5D=all&bloom_level%5B0%5D=all&parallel%5B0%5D=normal&view=text","https://hololive-official-cardgame.com/wp-content/images/cardlist/hBP02/hBP02-004_OSR.png","沙花叉クロヱ","推しホロメン","青","6","[ホロパワー：1消費]ぽえぽえぽえ～[ターンに1回]自分のセンターホロメンが〈沙花叉クロヱ〉の時に使える：自分のデッキの上から3枚を見る。そのカードすべてを、アーカイブするか、好きな順でデッキの上に戻す。","[ホロパワー：3消費]人生リセットボタン[ゲームに1回]自分の手札を数えて、自分の[手札すべてとアーカイブのホロメンすべて]をデッキに戻してシャッフルする。そして手札からデッキに戻したカード1枚につき、自分のデッキを1枚引く。","","クインテットスペクトラム","hBP02-004"
"https://hololive-official-cardgame.com/cardlist/?id=272&%2Fcardlist%2Fcardsearch_ex=&keyword=&attribute%5B0%5D=all&expansion_name=&card_kind%5B0%5D=%E6%8E%A8%E3%81%97%E3%83%9B%E3%83%AD%E3%83%A1%E3%83%B3&rare%5B0%5D=all&bloom_level%5B0%5D=all&parallel%5B0%5D=normal&view=text","https://hololive-official-cardgame.com/wp-content/images/cardlist/hBP02/hBP02-005_OSR.png","紫咲シオン","推しホロメン","紫","5","[ホロパワー：1消費]ねえ゛え゛え゛え゛え゛え゛え゛[ターンに1回]自分の〈紫咲シオン〉の能力でサイコロを振った時に使える：サイコロを1回振り直す。","[ホロパワー：2消費]シオンのすごい魔法[ゲームに1回]自分の紫センターホロメンがアーツを使った時に使える：相手のセンターホロメンに、相手のセンターホロメンのエール1枚につき、特殊ダメージ50を与える。","","クインテットスペクトラム","hBP02-005"
"https://hololive-official-cardgame.com/cardlist/?id=273&%2Fcardlist%2Fcardsearch_ex=&keyword=&attribute%5B0%5D=all&expansion_name=&card_kind%5B0%5D=%E6%8E%A8%E3%81%97%E3%83%9B%E3%83%AD%E3%83%A1%E3%83%B3&rare%5B0%5D=all&bloom_level%5B0%5D=all&parallel%5B0%5D=normal&view=text","https://hololive-official-cardgame.com/wp-content/images/cardlist/hBP02/hBP02-006_OSR.png","クレイジー・オリー","推しホロメン","紫","5","[ホロパワー：2消費]ゾンビ戦術[ターンに1回]自分の#ID2期生を持つホロメン1人を、自分のアーカイブのホロメンを使ってBloomさせる。","[ホロパワー：2消費]蘇るオリー[ゲームに1回]自分のデッキを4枚引いた後、手札2枚をアーカイブする。その後、自分のホロメン1人を、自分のアーカイブのホロメンを使ってBloomできる。","","クインテットスペクトラム","hBP02-006"
"https://hololive-official-cardgame.com/cardlist/?id=274&%2Fcardlist%2Fcardsearch_ex=&keyword=&attribute%5B0%5D=all&expansion_name=&card_kind%5B0%5D=%E6%8E%A8%E3%81%97%E3%83%9B%E3%83%AD%E3%83%A1%E3%83%B3&rare%5B0%5D=all&bloom_level%5B0%5D=all&parallel%5B0%5D=normal&view=text","https://hololive-official-cardgame.com/wp-content/images/cardlist/hBP02/hBP02-007_OSR.png","森カリオペ","推しホロメン","紫","5","[ホロパワー：2消費]サンプリング[ターンに1回]自分の手札2枚をアーカイブすることで、アーカイブの#ENを持つホロメン2枚を手札に戻す。","[ホロパワー：2消費]死神ラップ[ゲームに1回]自分のセンターホロメンが〈森カリオペ〉の時に使える：このターンの間、自分の〈森カリオペ〉1人は、アーツを使った後、同じアーツをもう1回使う。","","クインテットスペクトラム","hBP02-007"
"https://hololive-official-cardgame.com/cardlist/?id=565&%2Fcardlist%2Fcardsearch_ex=&keyword=&attribute%5B0%5D=all&expansion_name=&card_kind%5B0%5D=%E6%8E%A8%E3%81%97%E3%83%9B%E3%83%AD%E3%83%A1%E3%83%B3&rare%5B0%5D=all&bloom_level%5B0%5D=all&parallel%5B0%5D=normal&view=text","https://hololive-official-cardgame.com/wp-content/images/cardlist/hBP03/hBP03-001_OSR.png","姫森ルーナ","推しホロメン","白","5","[ホロパワー：-2]パソコンならわかるのら[ターンに1回]自分のデッキから、カード名に「パソコン」を含むアイテム1枚を公開し、手札に加える。そしてデッキをシャッフルする。","[ホロパワー：-2]ルーナイト集合[ゲームに1回]自分のセンターホロメンが〈姫森ルーナ〉の時に使える：自分のデッキから、〈ルーナイト〉1～4枚を公開し、自分のホロメンに割り振って付ける。そしてデッキをシャッフルする。","","エリートスパーク","hBP03-001"
"https://hololive-official-cardgame.com/cardlist/?id=566&%2Fcardlist%2Fcardsearch_ex=&keyword=&attribute%5B0%5D=all&expansion_name=&card_kind%5B0%5D=%E6%8E%A8%E3%81%97%E3%83%9B%E3%83%AD%E3%83%A1%E3%83%B3&rare%5B0%5D=all&bloom_level%5B0%5D=all&parallel%5B0%5D=normal&view=text","https://hololive-official-cardgame.com/wp-content/images/cardlist/hBP03/hBP03-002_OSR.png","獅白ぼたん","推しホロメン","緑","5","[ホロパワー：-2]poi[ターンに1回]自分のアーカイブのエール1枚を、自分のバックホロメンの〈獅白ぼたん〉に送る。","[ホロパワー：-2]狙撃[ゲームに1回]自分のセンターホロメンの色が緑の時に使える：相手のDebut以外のセンターホロメンに特殊ダメージ100を与える。","","エリートスパーク","hBP03-002"
"https://hololive-official-cardgame.com/cardlist/?id=567&%2Fcardlist%2Fcardsearch_ex=&keyword=&attribute%5B0%5D=all&expansion_name=&card_kind%5B0%5D=%E6%8E%A8%E3%81%97%E3%83%9B%E3%83%AD%E3%83%A1%E3%83%B3&rare%5B0%5D=all&bloom_level%5B0%5D=all&parallel%5B0%5D=normal&view=text","https://hololive-official-cardgame.com/wp-content/images/cardlist/hBP03/hBP03-003_OSR.png","さくらみこ","推しホロメン","赤","5","[ホロパワー：-2]35P帰ってくるのかッ！？って！[ターンに1回]サイコロを1回振れる：1か2か4か6の時、自分のアーカイブの〈35P〉1枚を手札に戻す。3か5の時、自分のアーカイブの〈35P〉2枚を手札に戻す。","[ホロパワー：-2]あきらめない心にぇ[ゲームに1回]自分のセンターホロメンの色が赤の時に使える：自分の手札を好きな枚数選んで好きな順でデッキの下に戻す。そして手札が5枚になるまで、自分のデッキを引く。","","エリートスパーク","hBP03-003"
"https://hololive-official-cardgame.com/cardlist/?id=568&%2Fcardlist%2Fcardsearch_ex=&keyword=&attribute%5B0%5D=all&expansion_name=&card_kind%5B0%5D=%E6%8E%A8%E3%81%97%E3%83%9B%E3%83%AD%E3%83%A1%E3%83%B3&rare%5B0%5D=all&bloom_level%5B0%5D=all&parallel%5B0%5D=normal&view=text","https://hololive-official-cardgame.com/wp-content/images/cardlist/hBP03/hBP03-004_OSR.png","FUWAMOCO","推しホロメン","青","5","[ホロパワー：-3]モコちゃん！[ターンに1回]自分のエールデッキの上から1枚を、自分の1stホロメンの〈モココ・アビスガード〉に送る。","[ホロパワー：-2]BAU BAU![ゲームに1回]自分の#Adventを持つホロメン1人を選ぶ。このターンの間、選んだホロメンのアーツは、相手のバックホロメンも対象にできる。","","エリートスパーク","hBP03-004"
"https://hololive-official-cardgame.com/cardlist/?id=569&%2Fcardlist%2Fcardsearch_ex=&keyword=&attribute%5B0%5D=all&expansion_name=&card_kind%5B0%5D=%E6%8E%A8%E3%81%97%E3%83%9B%E3%83%AD%E3%83%A1%E3%83%B3&rare%5B0%5D=all&bloom_level%5B0%5D=all&parallel%5B0%5D=normal&view=text","https://hololive-official-cardgame.com/wp-content/images/cardlist/hBP03/hBP03-005_OSR.png","常闇トワ","推しホロメン","紫","5","[ホロパワー：-2]デビルズヴォイス[ターンに1回]このターンの間、自分の#歌を持つ[センターホロメンとコラボホロメン]のアーツ+20。","[ホロパワー：-2]悪魔的所業[ゲームに1回]相手のターンで、自分の〈常闇トワ〉がダウンした時に使える：相手のセンターホロメンとコラボホロメンのエール2枚ずつを好きな順でエールデッキの下に戻す。","","エリートスパーク","hBP03-005"
"https://hololive-official-cardgame.com/cardlist/?id=570&%2Fcardlist%2Fcardsearch_ex=&keyword=&attribute%5B0%5D=all&expansion_name=&card_kind%5B0%5D=%E6%8E%A8%E3%81%97%E3%83%9B%E3%83%AD%E3%83%A1%E3%83%B3&rare%5B0%5D=all&bloom_level%5B0%5D=all&parallel%5B0%5D=normal&view=text","https://hololive-official-cardgame.com/wp-content/images/cardlist/hBP03/hBP03-006_OSR.png","戌神ころね","推しホロメン","黄","6","[ホロパワー：-2]無限の体力[ターンに1回]自分のお休みしている〈戌神ころね〉1人をアクティブにする。","[ホロパワー：-3]ウォウウォウウォウウォウ[ゲームに1回]自分の黄ホロメンがダウンした時に使える：そのホロメンのエール1枚を自分の他のホロメンに付け替え、そのダウンしたホロメンを含め重なっているホロメンの中から1枚を手札に戻す。","","エリートスパーク","hBP03-006"
"https://hololive-official-cardgame.com/cardlist/?id=571&%2Fcardlist%2Fcardsearch_ex=&keyword=&attribute%5B0%5D=all&expansion_name=&card_kind%5B0%5D=%E6%8E%A8%E3%81%97%E3%83%9B%E3%83%AD%E3%83%A1%E3%83%B3&rare%5B0%5D=all&bloom_level%5B0%5D=all&parallel%5B0%5D=normal&view=text","https://hololive-official-cardgame.com/wp-content/images/cardlist/hBP03/hBP03-007_OSR.png","角巻わため","推しホロメン","黄","5","[ホロパワー：-2]Member sheep いらっしゃい！[ターンに1回]自分のデッキから、ファン1枚を公開し、手札に加える。そしてデッキをシャッフルする。","[ホロパワー：-2]わためは悪くないよねぇ？[ゲームに1回]自分のエールデッキの上から2枚を、自分の〈角巻わため〉1人に送る。","","エリートスパーク","hBP03-007"
"https://hololive-official-cardgame.com/cardlist/?id=572&%2Fcardlist%2Fcardsearch_ex=&keyword=&attribute%5B0%5D=all&expansion_name=&card_kind%5B0%5D=%E6%8E%A8%E3%81%97%E3%83%9B%E3%83%AD%E3%83%A1%E3%83%B3&rare%5B0%5D=all&bloom_level%5B0%5D=all&parallel%5B0%5D=normal&view=text","https://hololive-official-cardgame.com/wp-content/images/cardlist/hBP03/hBP03-008_OSR.png","アユンダ・リス","推しホロメン","黄","5","[ホロパワー：-2]ホロライブID一家[ターンに1回]自分の#ID1期生を持つホロメンがダウンした時に使える：自分のデッキを1枚引く。","[ホロパワー：-2]がんばり～リス！[ゲームに1回]このターンの間、自分のステージの〈アユンダ・リス〉全員のアーツ+50。","","エリートスパーク","hBP03-008"
"https://hololive-official-cardgame.com/cardlist/?id=861&%2Fcardlist%2Fcardsearch_ex=&keyword=&attribute%5B0%5D=all&expansion_name=&card_kind%5B0%5D=%E6%8E%A8%E3%81%97%E3%83%9B%E3%83%AD%E3%83%A1%E3%83%B3&rare%5B0%5D=all&bloom_level%5B0%5D=all&parallel%5B0%5D=normal&view=text","https://hololive-official-cardgame.com/wp-content/images/cardlist/hBP04/hBP04-001_OSR.png","博衣こより","推しホロメン","白","5","[ホロパワー：-2]こより実験中[ターンに1回]このターンの間、自分の#こよラボを持つサポートカードが付いている〈博衣こより〉1人のアーツ+30。","[ホロパワー：-2]助手くん、んーまっ！[ゲームに1回]相手のターンで、自分の〈こよりの助手くん〉が付いている〈博衣こより〉が相手からダメージを受ける時に使える：そのホロメン1人が受けるダメージ-100。","","キュリアスユニバース","hBP04-001"
"https://hololive-official-cardgame.com/cardlist/?id=862&%2Fcardlist%2Fcardsearch_ex=&keyword=&attribute%5B0%5D=all&expansion_name=&card_kind%5B0%5D=%E6%8E%A8%E3%81%97%E3%83%9B%E3%83%AD%E3%83%A1%E3%83%B3&rare%5B0%5D=all&bloom_level%5B0%5D=all&parallel%5B0%5D=normal&view=text","https://hololive-official-cardgame.com/wp-content/images/cardlist/hBP04/hBP04-002_OSR.png","儒烏風亭らでん","推しホロメン","緑","6","[ホロパワー：-2]ReGLOSSの風流人[ターンに1回]自分のアーカイブのエール1枚を、自分の#ReGLOSSを持つホロメンに送る。","[ホロパワー：-2]余った時間でぐるぐる[ゲームに1回]自分のアーカイブの#きのこを持つイベント1～4枚を手札に戻す。そして手札に戻したカード2枚につき、自分のデッキを1枚引く。","","キュリアスユニバース","hBP04-002"
"https://hololive-official-cardgame.com/cardlist/?id=863&%2Fcardlist%2Fcardsearch_ex=&keyword=&attribute%5B0%5D=all&expansion_name=&card_kind%5B0%5D=%E6%8E%A8%E3%81%97%E3%83%9B%E3%83%AD%E3%83%A1%E3%83%B3&rare%5B0%5D=all&bloom_level%5B0%5D=all&parallel%5B0%5D=normal&view=text","https://hololive-official-cardgame.com/wp-content/images/cardlist/hBP04/hBP04-003_OSR.png","一条莉々華","推しホロメン","赤","5","[ホロパワー：-3]Reach the top！[ターンに1回]自分のセンターホロメンが#ReGLOSSを持つ時、相手のコラボホロメンに特殊ダメージ50を与える。","[ホロパワー：-1]かわいい！ ポジティブ！ ジーニアス！[ゲームに1回]相手のターンで、自分の〈一条莉々華〉がダウンした時に使える：自分のデッキから、[〈一条莉々華〉と〈限界飯〉]1枚ずつを公開し、手札に加える。そしてデッキをシャッフルする。","","キュリアスユニバース","hBP04-003"
"https://hololive-official-cardgame.com/cardlist/?id=864&%2Fcardlist%2Fcardsearch_ex=&keyword=&attribute%5B0%5D=all&expansion_name=&card_kind%5B0%5D=%E6%8E%A8%E3%81%97%E3%83%9B%E3%83%AD%E3%83%A1%E3%83%B3&rare%5B0%5D=all&bloom_level%5B0%5D=all&parallel%5B0%5D=normal&view=text","https://hololive-official-cardgame.com/wp-content/images/cardlist/hBP04/hBP04-004_OSR.png","雪花ラミィ","推しホロメン","青","5","[ホロパワー：-1]愛してる[ターンに1回]相手のターンで、自分のホロメンがダウンした時に使える：そのホロメンに付いているファン1枚を手札に戻す。","[ホロパワー：-3]ぶーん、バリバリバリバリ[ゲームに1回]自分の〈雪花ラミィ〉1人を選ぶ。このターンの間、選んだホロメンが、相手のホロメン1人に与える特殊ダメージ+100し、選んだホロメンが相手のホロメンをダウンさせた時、自分のデッキを2枚引く。","","キュリアスユニバース","hBP04-004"
"https://hololive-official-cardgame.com/cardlist/?id=865&%2Fcardlist%2Fcardsearch_ex=&keyword=&attribute%5B0%5D=all&expansion_name=&card_kind%5B0%5D=%E6%8E%A8%E3%81%97%E3%83%9B%E3%83%AD%E3%83%A1%E3%83%B3&rare%5B0%5D=all&bloom_level%5B0%5D=all&parallel%5B0%5D=normal&view=text","https://hololive-official-cardgame.com/wp-content/images/cardlist/hBP04/hBP04-005_OSR.png","ラプラス・ダークネス","推しホロメン","紫","5","[ホロパワー：-2]総帥のお仕事[ターンに1回]このターンの間、自分のホロメンの能力でサイコロを1度に3回振る時、そのサイコロの目の数すべてを5として扱う。","[ホロパワー：-3]我ら秘密結社holoX！[ゲームに1回]自分の#秘密結社holoXを持つホロメン1人を選ぶ。このターンの間、選んだホロメンのアーツは、エールを必要とせずに使える。","","キュリアスユニバース","hBP04-005"
"https://hololive-official-cardgame.com/cardlist/?id=866&%2Fcardlist%2Fcardsearch_ex=&keyword=&attribute%5B0%5D=all&expansion_name=&card_kind%5B0%5D=%E6%8E%A8%E3%81%97%E3%83%9B%E3%83%AD%E3%83%A1%E3%83%B3&rare%5B0%5D=all&bloom_level%5B0%5D=all&parallel%5B0%5D=normal&view=text","https://hololive-official-cardgame.com/wp-content/images/cardlist/hBP04/hBP04-006_OSR.png","大空スバル","推しホロメン","黄","5","[ホロパワー：-2]メンタル！ フィジカル！ パッション！[ターンに1回]相手のターンで、自分の〈大空スバル〉が相手からダメージを受ける時に使える：自分の〈大空スバル〉全員が受けるダメージ-30。","[ホロパワー：-2]リアクション芸[ゲームに1回]自分のライフが3以下の時に使える：このターンの間、自分のセンターホロメンの〈大空スバル〉のアーツ+100。","","キュリアスユニバース","hBP04-006"
"https://hololive-official-cardgame.com/cardlist/?id=867&%2Fcardlist%2Fcardsearch_ex=&keyword=&attribute%5B0%5D=all&expansion_name=&card_kind%5B0%5D=%E6%8E%A8%E3%81%97%E3%83%9B%E3%83%AD%E3%83%A1%E3%83%B3&rare%5B0%5D=all&bloom_level%5B0%5D=all&parallel%5B0%5D=normal&view=text","https://hololive-official-cardgame.com/wp-content/images/cardlist/hBP04/hBP04-007_OSR.png","アーニャ・メルフィッサ","推しホロメン","黄","5","[ホロパワー：-2]神秘の儀式[ターンに1回]自分のデッキから、〈古代武器〉1枚を公開し、自分のホロメンに付ける。そしてデッキをシャッフルする。","[ホロパワー：-2]人生のこと考えていた方が勝てる[ゲームに1回]自分のアーカイブのエールを、自分の〈古代武器〉が付いているホロメン全員に1枚ずつ送る。","","キュリアスユニバース","hBP04-007"
"https://hololive-official-cardgame.com/cardlist/?id=1179&%2Fcardlist%2Fcardsearch_ex=&keyword=&attribute%5B0%5D=all&expansion_name=&card_kind%5B0%5D=%E6%8E%A8%E3%81%97%E3%83%9B%E3%83%AD%E3%83%A1%E3%83%B3&rare%5B0%5D=all&bloom_level%5B0%5D=all&parallel%5B0%5D=normal&view=text","https://hololive-official-cardgame.com/wp-content/images/cardlist/hBP05/hBP05-001_OSR.png","白銀ノエル","推しホロメン","白","5","[ホロパワー：-2]白銀の騎士達[ターンに1回]自分のホロメンが相手のホロメンをダウンさせた時に使える：自分のデッキから、#3期生を持つホロメン1枚を公開し、手札に加える。そしてデッキをシャッフルする。","[ホロパワー：-2]スーパーまずった太郎[ゲームに1回]相手のターンで、自分の#3期生を持つホロメンがダウンした時に使える：自分の減るライフ-1。その後、そのホロメンがBuzzホロメンか2ndホロメンなら、自分のデッキを2枚引く。","","エンチャントレガリア","hBP05-001"
"https://hololive-official-cardgame.com/cardlist/?id=1180&%2Fcardlist%2Fcardsearch_ex=&keyword=&attribute%5B0%5D=all&expansion_name=&card_kind%5B0%5D=%E6%8E%A8%E3%81%97%E3%83%9B%E3%83%AD%E3%83%A1%E3%83%B3&rare%5B0%5D=all&bloom_level%5B0%5D=all&parallel%5B0%5D=normal&view=text","https://hololive-official-cardgame.com/wp-content/images/cardlist/hBP05/hBP05-002_OSR.png","アイラニ・イオフィフティーン","推しホロメン","緑","5","[ホロパワー：-1]IOFORIA~![ターンに1回]相手のターンで、自分の#ID1期生を持つホロメンが相手からダメージを受ける時に使える：そのホロメンのエール1枚を自分の他の#ID1期生を持つホロメンに付け替える。","[ホロパワー：-3]Kekuatan Iofi[ゲームに1回]自分のステージのエール2枚をアーカイブすることで、自分のデッキから、#ID1期生を持つホロメン2枚を公開し、手札に加える。そしてデッキをシャッフルする。","","エンチャントレガリア","hBP05-002"
"https://hololive-official-cardgame.com/cardlist/?id=1181&%2Fcardlist%2Fcardsearch_ex=&keyword=&attribute%5B0%5D=all&expansion_name=&card_kind%5B0%5D=%E6%8E%A8%E3%81%97%E3%83%9B%E3%83%AD%E3%83%A1%E3%83%B3&rare%5B0%5D=all&bloom_level%5B0%5D=all&parallel%5B0%5D=normal&view=text","https://hololive-official-cardgame.com/wp-content/images/cardlist/hBP05/hBP05-003_OSR.png","尾丸ポルカ","推しホロメン","赤","5","[ホロパワー：-2]ポルカの伝説[ターンに1回]自分の手札が自分のステージの〈座員〉の枚数と同じになるまで、自分のデッキを引く。ただし、引ける枚数は4枚まで。","[ホロパワー：-2]成功体験－！！！[ゲームに1回]自分のデッキの上から7枚を見る。その中から、[〈尾丸ポルカ〉とスタッフ]1枚ずつを公開し、公開した[〈尾丸ポルカ〉とスタッフ]を手札に加える。そして残ったカードをアーカイブする。","","エンチャントレガリア","hBP05-003"
"https://hololive-official-cardgame.com/cardlist/?id=1182&%2Fcardlist%2Fcardsearch_ex=&keyword=&attribute%5B0%5D=all&expansion_name=&card_kind%5B0%5D=%E6%8E%A8%E3%81%97%E3%83%9B%E3%83%AD%E3%83%A1%E3%83%B3&rare%5B0%5D=all&bloom_level%5B0%5D=all&parallel%5B0%5D=normal&view=text","https://hololive-official-cardgame.com/wp-content/images/cardlist/hBP05/hBP05-004_OSR.png","猫又おかゆ","推しホロメン","青","5","[ホロパワー：-1]いっくよー[ターンに1回]自分のセンターホロメンが〈猫又おかゆ〉なら使える：相手のホロメン1人に特殊ダメージ10を与える。","[ホロパワー：-3]ウマウマ！[ゲームに1回]相手のセンターホロメンとHPが減っているバックホロメン1人を交代できる。その後、自分のセンターホロメンが〈猫又おかゆ〉なら、自分のデッキを3枚引く。","","エンチャントレガリア","hBP05-004"
"https://hololive-official-cardgame.com/cardlist/?id=1183&%2Fcardlist%2Fcardsearch_ex=&keyword=&attribute%5B0%5D=all&expansion_name=&card_kind%5B0%5D=%E6%8E%A8%E3%81%97%E3%83%9B%E3%83%AD%E3%83%A1%E3%83%B3&rare%5B0%5D=all&bloom_level%5B0%5D=all&parallel%5B0%5D=normal&view=text","https://hololive-official-cardgame.com/wp-content/images/cardlist/hBP05/hBP05-005_OSR.png","癒月ちょこ","推しホロメン","紫","5","[ホロパワー：-1]ちょこまみれになっちゃえっ！[ターンに1回]自分のデッキから、#食べ物を持つイベント1枚を公開し、手札に加える。そしてデッキをシャッフルする。","[ホロパワー：-2]ちょこっとクッキング[ゲームに1回]自分のアーカイブの#食べ物を持つイベント1～4枚を手札に戻す。その後、このターンの間、自分のステージの#料理を持つホロメン全員のアーツ+40。","","エンチャントレガリア","hBP05-005"
"https://hololive-official-cardgame.com/cardlist/?id=1184&%2Fcardlist%2Fcardsearch_ex=&keyword=&attribute%5B0%5D=all&expansion_name=&card_kind%5B0%5D=%E6%8E%A8%E3%81%97%E3%83%9B%E3%83%AD%E3%83%A1%E3%83%B3&rare%5B0%5D=all&bloom_level%5B0%5D=all&parallel%5B0%5D=normal&view=text","https://hololive-official-cardgame.com/wp-content/images/cardlist/hBP05/hBP05-006_OSR.png","ネリッサ・レイヴンクロフト","推しホロメン","紫","5","[ホロパワー：-1]Liebesträume[ターンに1回]このターンの間、自分の#歌を持つ[センターホロメンとコラボホロメン]のアーツ+10。","[ホロパワー：-4]Shoot for the Moon[ゲームに1回]このゲームの間、自分の〈ネリッサ・レイヴンクロフト〉全員のアーツに必要な◇-1。","","エンチャントレガリア","hBP05-006"
"https://hololive-official-cardgame.com/cardlist/?id=1185&%2Fcardlist%2Fcardsearch_ex=&keyword=&attribute%5B0%5D=all&expansion_name=&card_kind%5B0%5D=%E6%8E%A8%E3%81%97%E3%83%9B%E3%83%AD%E3%83%A1%E3%83%B3&rare%5B0%5D=all&bloom_level%5B0%5D=all&parallel%5B0%5D=normal&view=text","https://hololive-official-cardgame.com/wp-content/images/cardlist/hBP05/hBP05-007_OSR.png","不知火フレア","推しホロメン","黄","5","[ホロパワー：-2]キミの力になりたいから[ターンに1回]自分のコラボポジションの[Debutホロメンか1stホロメンかSpotホロメン]と、バックホロメンの〈不知火フレア〉1人を交代させる。","[ホロパワー：-2]みんなで盛り上がろう！[ゲームに1回]自分のステージのエール1～5枚を自分の〈不知火フレア〉1人に付け替えられる。その後、このターンの間、自分のセンターホロメンのエール1枚につき、自分のステージのホロメン全員のアーツ+10。","","エンチャントレガリア","hBP05-007"
"https://hololive-official-cardgame.com/cardlist/?id=1478&%2Fcardlist%2Fcardsearch_ex=&keyword=&attribute%5B0%5D=all&expansion_name=&card_kind%5B0%5D=%E6%8E%A8%E3%81%97%E3%83%9B%E3%83%AD%E3%83%A1%E3%83%B3&rare%5B0%5D=all&bloom_level%5B0%5D=all&parallel%5B0%5D=normal&view=text","https://hololive-official-cardgame.com/wp-content/images/cardlist/hBP06/hBP06-001_OSR.png","ラオーラ・パンテーラ","推しホロメン","白","5","[ホロパワー：-2]BIG CAT means…[ターンに1回]自分のセンターホロメンが〈ラオーラ・パンテーラ〉なら、自分のデッキから、自分のコラボホロメンと同じカード名のホロメン1枚を公開し、手札に加える。そしてデッキをシャッフルする。","[ホロパワー：-1]BIG TROUBLE!![ゲームに1回]このゲームの間、自分の〈ラオーラ・パンテーラ〉全員は、リセットステップでお休みしない。","","アヤカシヴァーミリオン","hBP06-001"
"https://hololive-official-cardgame.com/cardlist/?id=1479&%2Fcardlist%2Fcardsearch_ex=&keyword=&attribute%5B0%5D=all&expansion_name=&card_kind%5B0%5D=%E6%8E%A8%E3%81%97%E3%83%9B%E3%83%AD%E3%83%A1%E3%83%B3&rare%5B0%5D=all&bloom_level%5B0%5D=all&parallel%5B0%5D=normal&view=text","https://hololive-official-cardgame.com/wp-content/images/cardlist/hBP06/hBP06-002_OSR.png","響咲リオナ","推しホロメン","白","5","[ホロパワー：-2]やりたいように、私は私らしく[ターンに1回]自分のデッキの上から2枚をアーカイブする。その後、このターンの間、自分の#FLOW GLOWを持つ[センターホロメンとコラボホロメン]のアーツ+20。","[ホロパワー：-1]生き抜いていくんです！[ゲームに1回]自分のデッキの枚数が5枚以下で、自分の#FLOW GLOWを持つホロメンが相手のセンターホロメンをダウンさせた時に使える：相手のライフ-1。","","アヤカシヴァーミリオン","hBP06-002"
"https://hololive-official-cardgame.com/cardlist/?id=1480&%2Fcardlist%2Fcardsearch_ex=&keyword=&attribute%5B0%5D=all&expansion_name=&card_kind%5B0%5D=%E6%8E%A8%E3%81%97%E3%83%9B%E3%83%AD%E3%83%A1%E3%83%B3&rare%5B0%5D=all&bloom_level%5B0%5D=all&parallel%5B0%5D=normal&view=text","https://hololive-official-cardgame.com/wp-content/images/cardlist/hBP06/hBP06-003_OSR.png","風真いろは","推しホロメン","緑","5","[ホロパワー：-2]迷ったらまず実行！[ターンに1回]自分のエールデッキの上から1枚を自分の[BuzzホロメンかBuzzホロメンからBloomしている〈風真いろは〉]に送る。","[ホロパワー：-2]アルティメットつよつよござる[ゲームに1回]このターンの間、自分のステージのエール1枚につき、自分のステージの〈風真いろは〉全員のアーツ+10。その後、自分のステージにBuzzホロメンがいるなら、自分のデッキを3枚引く。","","アヤカシヴァーミリオン","hBP06-003"
"https://hololive-official-cardgame.com/cardlist/?id=1481&%2Fcardlist%2Fcardsearch_ex=&keyword=&attribute%5B0%5D=all&expansion_name=&card_kind%5B0%5D=%E6%8E%A8%E3%81%97%E3%83%9B%E3%83%AD%E3%83%A1%E3%83%B3&rare%5B0%5D=all&bloom_level%5B0%5D=all&parallel%5B0%5D=normal&view=text","https://hololive-official-cardgame.com/wp-content/images/cardlist/hBP06/hBP06-004_OSR.png","百鬼あやめ","推しホロメン","赤","5","[ホロパワー：-2]鬼閻魔[ターンに1回]自分のエールデッキの上から1～2枚をアーカイブする：アーカイブしたエール1枚につき、自分のデッキを1枚引く。","[ホロパワー：-2]二刀一閃！ 鬼神斬り[ゲームに1回]相手のセンターホロメンかコラボホロメンどちらかに、自分のアーカイブの赤エール1枚につき、特殊ダメージ20を与える。","","アヤカシヴァーミリオン","hBP06-004"
"https://hololive-official-cardgame.com/cardlist/?id=1482&%2Fcardlist%2Fcardsearch_ex=&keyword=&attribute%5B0%5D=all&expansion_name=&card_kind%5B0%5D=%E6%8E%A8%E3%81%97%E3%83%9B%E3%83%AD%E3%83%A1%E3%83%B3&rare%5B0%5D=all&bloom_level%5B0%5D=all&parallel%5B0%5D=normal&view=text","https://hololive-official-cardgame.com/wp-content/images/cardlist/hBP06/hBP06-005_OSR.png","ハコス・ベールズ","推しホロメン","赤","5","[ホロパワー：-1]混沌の化身[ターンに1回]このゲーム中に、自分のSP推しスキルを使っていたなら、サイコロを1回振る。自分の手札が出た目の数と同じになるまで、自分のデッキを引く。","[ホロパワー：-2]🎲ƎNOZ N∩Ⅎ ƎH⊥ O⊥ ƎWOϽ˥ƎM🎲[ゲームに1回]サイコロを1回振る。出た目の数1につき、自分の手札1枚をアーカイブする。","","アヤカシヴァーミリオン","hBP06-005"
"https://hololive-official-cardgame.com/cardlist/?id=1483&%2Fcardlist%2Fcardsearch_ex=&keyword=&attribute%5B0%5D=all&expansion_name=&card_kind%5B0%5D=%E6%8E%A8%E3%81%97%E3%83%9B%E3%83%AD%E3%83%A1%E3%83%B3&rare%5B0%5D=all&bloom_level%5B0%5D=all&parallel%5B0%5D=normal&view=text","https://hololive-official-cardgame.com/wp-content/images/cardlist/hBP06/hBP06-006_OSR.png","ムーナ・ホシノヴァ","推しホロメン","青","5","[ホロパワー：-1]満月の輝き[ターンに1回]相手のホロメン1人に特殊ダメージを与えた時に使える：相手のセンターホロメンとコラボホロメンに特殊ダメージ20を与える。","[ホロパワー：-2]双月の斉唱[ゲームに1回]お互いのステージのエールが合計6枚以上あるなら、自分のエールデッキから、エール1～3枚を公開し、自分の#ID1期生を持つホロメンに割り振って送る。そしてエールデッキをシャッフルする。","","アヤカシヴァーミリオン","hBP06-006"
"https://hololive-official-cardgame.com/cardlist/?id=1484&%2Fcardlist%2Fcardsearch_ex=&keyword=&attribute%5B0%5D=all&expansion_name=&card_kind%5B0%5D=%E6%8E%A8%E3%81%97%E3%83%9B%E3%83%AD%E3%83%A1%E3%83%B3&rare%5B0%5D=all&bloom_level%5B0%5D=all&parallel%5B0%5D=normal&view=text","https://hololive-official-cardgame.com/wp-content/images/cardlist/hBP06/hBP06-007_OSR.png","ロボ子さん","推しホロメン","紫","6","[ホロパワー：-2]PONじゃないもん！！[ターンに1回]相手のターンで、自分の〈ロボ子さん〉がダウンした時に使える：自分のデッキの上から2枚をアーカイブする。その後、自分のアーカイブの〈ロボ子さん〉1枚を手札に戻す。","[ホロパワー：-1]ボクの『高性能っぷり』を堪能してよね♡[ゲームに1回]自分のデッキを2枚引いた後、手札2枚をアーカイブする。その後、自分のアーカイブの〈ろぼさー〉を好きな枚数選び、自分の〈ロボ子さん〉に割り振って付けられる。","","アヤカシヴァーミリオン","hBP06-007"
"https://hololive-official-cardgame.com/cardlist/?id=1485&%2Fcardlist%2Fcardsearch_ex=&keyword=&attribute%5B0%5D=all&expansion_name=&card_kind%5B0%5D=%E6%8E%A8%E3%81%97%E3%83%9B%E3%83%AD%E3%83%A1%E3%83%B3&rare%5B0%5D=all&bloom_level%5B0%5D=all&parallel%5B0%5D=normal&view=text","https://hololive-official-cardgame.com/wp-content/images/cardlist/hBP06/hBP06-008_OSR.png","夏色まつり","推しホロメン","黄","5","[ホロパワー：-2]おまつりわっしょーい！！！[ターンに1回]サイコロを1回振る。出た目の数が自分のライフ以上なら、自分のデッキから、カード1枚を手札に加える。そしてデッキをシャッフルする。出た目の数が自分のライフ以下なら、自分のデッキの上から1枚をホロパワーにする。","[ホロパワー：-1]絶対勝ちたい！！！！！！！[ゲームに1回]自分のセンターホロメンが〈夏色まつり〉なら、このターンの間、自分が使えるLIMITEDのサポートカードの枚数は2枚になる。","","アヤカシヴァーミリオン","hBP06-008"
"https://hololive-official-cardgame.com/cardlist/?id=1787&%2Fcardlist%2Fcardsearch_ex=&keyword=&attribute%5B0%5D=all&expansion_name=&card_kind%5B0%5D=%E6%8E%A8%E3%81%97%E3%83%9B%E3%83%AD%E3%83%A1%E3%83%B3&rare%5B0%5D=all&bloom_level%5B0%5D=all&parallel%5B0%5D=normal&view=text","https://hololive-official-cardgame.com/wp-content/images/cardlist/hBP07/hBP07-001_OSR.png","角巻わため","推しホロメン","白","5","[ホロパワー：-6]角ドリルしたろか？[ターンに1回]このターンの間、自分のステージの〈角巻わため〉全員のアーツ+100。","","ドドドライブ自分の〈角巻わため〉がアーツを使った時、自分のデッキの上から1枚をホロパワーにする。","ディーヴァフィーバー","hBP07-001"
"https://hololive-official-cardgame.com/cardlist/?id=1788&%2Fcardlist%2Fcardsearch_ex=&keyword=&attribute%5B0%5D=all&expansion_name=&card_kind%5B0%5D=%E6%8E%A8%E3%81%97%E3%83%9B%E3%83%AD%E3%83%A1%E3%83%B3&rare%5B0%5D=all&bloom_level%5B0%5D=all&parallel%5B0%5D=normal&view=text","https://hololive-official-cardgame.com/wp-content/images/cardlist/hBP07/hBP07-002_OSR.png","ベスティア・ゼータ","推しホロメン","白","5","[ホロパワー：-3]Good Luck, holoh3ro![ターンに1回]自分のステージのホロメン1人を選ぶ。このターンの間、選んだホロメンのアーツ+50。そのホロメンが#ID3期生を持つBuzzホロメンなら、かわりに、そのホロメンのアーツ+80。","[ホロパワー：-2]不可能なんてないんだから！[ゲームに1回]自分のアーカイブの[マスコットとファン]を好きな枚数選び、自分の#ID3期生を持つホロメン１人に付ける。3枚以上付けたなら、このターンの間、そのホロメンのアーツ+100。","","ディーヴァフィーバー","hBP07-002"
"https://hololive-official-cardgame.com/cardlist/?id=1789&%2Fcardlist%2Fcardsearch_ex=&keyword=&attribute%5B0%5D=all&expansion_name=&card_kind%5B0%5D=%E6%8E%A8%E3%81%97%E3%83%9B%E3%83%AD%E3%83%A1%E3%83%B3&rare%5B0%5D=all&bloom_level%5B0%5D=all&parallel%5B0%5D=normal&view=text","https://hololive-official-cardgame.com/wp-content/images/cardlist/hBP07/hBP07-003_OSR.png","大神ミオ","推しホロメン","緑","5","[ホロパワー：-1]神札の導き[ターンに1回]自分のデッキの上から2枚を見る。その中から、カード1枚を手札に加える。そして残ったカードをデッキの上に戻す。","[ホロパワー：-2]みんなのママ[ゲームに1回]自分のデッキの上から6枚を見る。その中から、カード3枚を手札に加える。そして残ったカードを好きな順でデッキの上に戻す。その後、自分のホロメン全員のHP50回復。","","ディーヴァフィーバー","hBP07-003"
"https://hololive-official-cardgame.com/cardlist/?id=1790&%2Fcardlist%2Fcardsearch_ex=&keyword=&attribute%5B0%5D=all&expansion_name=&card_kind%5B0%5D=%E6%8E%A8%E3%81%97%E3%83%9B%E3%83%AD%E3%83%A1%E3%83%B3&rare%5B0%5D=all&bloom_level%5B0%5D=all&parallel%5B0%5D=normal&view=text","https://hololive-official-cardgame.com/wp-content/images/cardlist/hBP07/hBP07-004_OSR.png","赤井はあと","推しホロメン","赤","5","[ホロパワー：-2]ワールドワイドな最強アイドル！[ターンに1回]自分のバックポジションのDebutホロメンの〈赤井はあと〉1人をデッキの下に戻す。その後、自分のステージの〈赤井はあと〉1人を選ぶ。このターンの間、選んだホロメンのアーツ+50。","","はあちゃまなう[ターンに1回]自分のターンで、自分の〈赤井はあと〉が自分の能力でステージからデッキに戻った時、自分のデッキを2枚引く。","ディーヴァフィーバー","hBP07-004"
"https://hololive-official-cardgame.com/cardlist/?id=1791&%2Fcardlist%2Fcardsearch_ex=&keyword=&attribute%5B0%5D=all&expansion_name=&card_kind%5B0%5D=%E6%8E%A8%E3%81%97%E3%83%9B%E3%83%AD%E3%83%A1%E3%83%B3&rare%5B0%5D=all&bloom_level%5B0%5D=all&parallel%5B0%5D=normal&view=text","https://hololive-official-cardgame.com/wp-content/images/cardlist/hBP07/hBP07-005_OSR.png","オーロ・クロニー","推しホロメン","青","5","[ホロパワー：-2]忘却の輪の上で[ターンに1回]自分のデッキを下から2枚引いた後、手札1枚をアーカイブする。","[ホロパワー：-4]時間の典獄[ゲームに1回]自分のセンターホロメンが2ndの〈オーロ・クロニー〉なら、このターンの後に、もう1回自分のターンを開始する。","","ディーヴァフィーバー","hBP07-005"
"https://hololive-official-cardgame.com/cardlist/?id=1792&%2Fcardlist%2Fcardsearch_ex=&keyword=&attribute%5B0%5D=all&expansion_name=&card_kind%5B0%5D=%E6%8E%A8%E3%81%97%E3%83%9B%E3%83%AD%E3%83%A1%E3%83%B3&rare%5B0%5D=all&bloom_level%5B0%5D=all&parallel%5B0%5D=normal&view=text","https://hololive-official-cardgame.com/wp-content/images/cardlist/hBP07/hBP07-006_OSR.png","AZKi","推しホロメン","紫","5","[ホロパワー：-1]行くよ、開拓者。[ターンに1回]直前の相手のターンに自分のホロメンがダウンしていたなら、自分のデッキから、イベント1枚を公開し、手札に加える。そしてデッキをシャッフルする。","","ETERNiTY FRONTiER自分のホロパワー1枚につき、自分のセンターホロメンの〈AZKi〉のアーツ+20。","ディーヴァフィーバー","hBP07-006"
"https://hololive-official-cardgame.com/cardlist/?id=1793&%2Fcardlist%2Fcardsearch_ex=&keyword=&attribute%5B0%5D=all&expansion_name=&card_kind%5B0%5D=%E6%8E%A8%E3%81%97%E3%83%9B%E3%83%AD%E3%83%A1%E3%83%B3&rare%5B0%5D=all&bloom_level%5B0%5D=all&parallel%5B0%5D=normal&view=text","https://hololive-official-cardgame.com/wp-content/images/cardlist/hBP07/hBP07-007_OSR.png","桃鈴ねね","推しホロメン","黄","5","[ホロパワー：-2]スーパーねぽらぼエナジー[ターンに1回]自分のアーカイブのエールを自分の#5期生を持つ2ndホロメン全員に1枚ずつ送る。","[ホロパワー：-1]ねねちの大・暴・走！[ゲームに1回]自分のデッキから、Debutホロメンの〈桃鈴ねね〉1～4枚を公開し、ステージに出す。そしてデッキをシャッフルする。","","ディーヴァフィーバー","hBP07-007"
"https://hololive-official-cardgame.com/cardlist/?id=1&%2Fcardlist%2Fcardsearch_ex=&keyword=&attribute%5B0%5D=all&expansion_name=&card_kind%5B0%5D=%E6%8E%A8%E3%81%97%E3%83%9B%E3%83%AD%E3%83%A1%E3%83%B3&rare%5B0%5D=all&bloom_level%5B0%5D=all&parallel%5B0%5D=normal&view=text","https://hololive-official-cardgame.com/wp-content/images/cardlist/hSD01/hSD01-001_OSR.png","ときのそら","推しホロメン","白","5","[ホロパワー：-1]リプレイスメント[ターンに１回]自分のステージのエール１枚を、自分のホロメンに付け替える。","[ホロパワー：-2]じゃあ敵だね？[ゲームに１回]相手のセンターホロメンとバックホロメン１人を交代させる。その後、このターンの間、自分の白センターホロメンのアーツ+50。","","スタートデッキ「ときのそら＆AZKi」","hSD01-001"
"https://hololive-official-cardgame.com/cardlist/?id=2&%2Fcardlist%2Fcardsearch_ex=&keyword=&attribute%5B0%5D=all&expansion_name=&card_kind%5B0%5D=%E6%8E%A8%E3%81%97%E3%83%9B%E3%83%AD%E3%83%A1%E3%83%B3&rare%5B0%5D=all&bloom_level%5B0%5D=all&parallel%5B0%5D=normal&view=text","https://hololive-official-cardgame.com/wp-content/images/cardlist/hSD01/hSD01-002_OSR.png","AZKi","推しホロメン","緑","6","[ホロパワー：-3]左手に地図[ターンに１回]自分のホロメンの能力でサイコロを振る時に使える：サイコロの目の数１つを宣言し、次に出る目の数を宣言した目として扱う。","[ホロパワー：-3]右手にマイク[ゲームに１回]自分のアーカイブのエールを自分の緑ホロメン１人に好きな枚数送る。","","スタートデッキ「ときのそら＆AZKi」","hSD01-002"
"https://hololive-official-cardgame.com/cardlist/?id=225&%2Fcardlist%2Fcardsearch_ex=&keyword=&attribute%5B0%5D=all&expansion_name=&card_kind%5B0%5D=%E6%8E%A8%E3%81%97%E3%83%9B%E3%83%AD%E3%83%A1%E3%83%B3&rare%5B0%5D=all&bloom_level%5B0%5D=all&parallel%5B0%5D=normal&view=text","https://hololive-official-cardgame.com/wp-content/images/cardlist/hSD02/hSD02-001_OC.png","百鬼あやめ","推しホロメン","赤","5","[ホロパワー：2消費]レッドマイク[ターンに1回]このターンの間、自分の赤センターホロメンのアーツ+20。","[ホロパワー：1消費]さあ！もう一度！[ゲームに1回]自分のアーカイブの赤ホロメン1枚を手札に戻す。","","スタートデッキ 赤 百鬼あやめ","hSD02-001"
"https://hololive-official-cardgame.com/cardlist/?id=239&%2Fcardlist%2Fcardsearch_ex=&keyword=&attribute%5B0%5D=all&expansion_name=&card_kind%5B0%5D=%E6%8E%A8%E3%81%97%E3%83%9B%E3%83%AD%E3%83%A1%E3%83%B3&rare%5B0%5D=all&bloom_level%5B0%5D=all&parallel%5B0%5D=normal&view=text","https://hololive-official-cardgame.com/wp-content/images/cardlist/hSD03/hSD03-001_OC.png","猫又おかゆ","推しホロメン","青","5","[ホロパワー：2消費]ブルーマイク[ターンに1回]このターンの間、自分の青センターホロメンのアーツ+20。","[ホロパワー：1消費]バックショット[ゲームに1回]自分のステージのホロメンが相手のバックホロメンにダメージを与えた時に使える：その相手のバックホロメン1人に特殊ダメージ50を与える。","","スタートデッキ 青 猫又おかゆ","hSD03-001"
"https://hololive-official-cardgame.com/cardlist/?id=253&%2Fcardlist%2Fcardsearch_ex=&keyword=&attribute%5B0%5D=all&expansion_name=&card_kind%5B0%5D=%E6%8E%A8%E3%81%97%E3%83%9B%E3%83%AD%E3%83%A1%E3%83%B3&rare%5B0%5D=all&bloom_level%5B0%5D=all&parallel%5B0%5D=normal&view=text","https://hololive-official-cardgame.com/wp-content/images/cardlist/hSD04/hSD04-001_OC.png","癒月ちょこ","推しホロメン","紫","5","[ホロパワー：2消費]パープルマイク[ターンに1回]このターンの間、自分の紫センターホロメンのアーツ+20。","[ホロパワー：1消費]カードチェンジ[ゲームに1回]自分のデッキを2枚引いた後、手札1枚をアーカイブする。","","スタートデッキ 紫 癒月ちょこ","hSD04-001"
"https://hololive-official-cardgame.com/cardlist/?id=517&%2Fcardlist%2Fcardsearch_ex=&keyword=&attribute%5B0%5D=all&expansion_name=&card_kind%5B0%5D=%E6%8E%A8%E3%81%97%E3%83%9B%E3%83%AD%E3%83%A1%E3%83%B3&rare%5B0%5D=all&bloom_level%5B0%5D=all&parallel%5B0%5D=normal&view=text","https://hololive-official-cardgame.com/wp-content/images/cardlist/hSD05/hSD05-001_OC.png","轟はじめ","推しホロメン","白","5","[ホロパワー：-2]ホワイトマイク[ターンに1回]このターンの間、自分の白センターホロメンのアーツ+20。","[ホロパワー：-1]クイックガード[ゲームに1回]相手のターンで、自分の白ホロメンが相手からダメージを受ける時に使える：そのホロメン1人が受けるダメージ-20。","","スタートデッキ 白 轟はじめ","hSD05-001"
"https://hololive-official-cardgame.com/cardlist/?id=532&%2Fcardlist%2Fcardsearch_ex=&keyword=&attribute%5B0%5D=all&expansion_name=&card_kind%5B0%5D=%E6%8E%A8%E3%81%97%E3%83%9B%E3%83%AD%E3%83%A1%E3%83%B3&rare%5B0%5D=all&bloom_level%5B0%5D=all&parallel%5B0%5D=normal&view=text","https://hololive-official-cardgame.com/wp-content/images/cardlist/hSD06/hSD06-001_OC.png","風真いろは","推しホロメン","緑","5","[ホロパワー：-2]グリーンマイク[ターンに1回]このターンの間、自分の緑センターホロメンのアーツ+20。","[ホロパワー：-1]みんな頑張ろー！[ゲームに1回]自分の緑ホロメン全員のHP20回復。","","スタートデッキ 緑 風真いろは","hSD06-001"
"https://hololive-official-cardgame.com/cardlist/?id=546&%2Fcardlist%2Fcardsearch_ex=&keyword=&attribute%5B0%5D=all&expansion_name=&card_kind%5B0%5D=%E6%8E%A8%E3%81%97%E3%83%9B%E3%83%AD%E3%83%A1%E3%83%B3&rare%5B0%5D=all&bloom_level%5B0%5D=all&parallel%5B0%5D=normal&view=text","https://hololive-official-cardgame.com/wp-content/images/cardlist/hSD07/hSD07-001_OC.png","不知火フレア","推しホロメン","黄","5","[ホロパワー：-2]イエローマイク[ターンに1回]このターンの間、自分の黄センターホロメンのアーツ+20。","[ホロパワー：-1]後は引き受けた！[ゲームに1回]自分のセンターホロメンとお休みしていないバックホロメン1人を交代させる。さらに、バックポジションに移動したホロメンのHP30回復。","","スタートデッキ 黄 不知火フレア","hSD07-001"
"https://hololive-official-cardgame.com/cardlist/?id=1138&%2Fcardlist%2Fcardsearch_ex=&keyword=&attribute%5B0%5D=all&expansion_name=&card_kind%5B0%5D=%E6%8E%A8%E3%81%97%E3%83%9B%E3%83%AD%E3%83%A1%E3%83%B3&rare%5B0%5D=all&bloom_level%5B0%5D=all&parallel%5B0%5D=normal&view=text","https://hololive-official-cardgame.com/wp-content/images/cardlist/hSD08/hSD08-001_OC.png","天音かなた","推しホロメン","白","5","[ホロパワー：-2]ホワイトマイク[ターンに1回]このターンの間、自分の白センターホロメンのアーツ+20。","[ホロパワー：-1]クイックガード[ゲームに1回]相手のターンで、自分の白ホロメンが相手からダメージを受ける時に使える：そのホロメン1人が受けるダメージ-20。","","スタートデッキ 白 天音かなた","hSD08-001"
"https://hololive-official-cardgame.com/cardlist/?id=1147&%2Fcardlist%2Fcardsearch_ex=&keyword=&attribute%5B0%5D=all&expansion_name=&card_kind%5B0%5D=%E6%8E%A8%E3%81%97%E3%83%9B%E3%83%AD%E3%83%A1%E3%83%B3&rare%5B0%5D=all&bloom_level%5B0%5D=all&parallel%5B0%5D=normal&view=text","https://hololive-official-cardgame.com/wp-content/images/cardlist/hSD09/hSD09-001_OC.png","宝鐘マリン","推しホロメン","赤","5","[ホロパワー：-2]レッドマイク[ターンに1回]このターンの間、自分の赤センターホロメンのアーツ+20。","[ホロパワー：-1]さあ！もう一度！[ゲームに1回]自分のアーカイブの赤ホロメン1枚を手札に戻す。","","スタートデッキ 赤 宝鐘マリン","hSD09-001"
"https://hololive-official-cardgame.com/cardlist/?id=1456&%2Fcardlist%2Fcardsearch_ex=&keyword=&attribute%5B0%5D=all&expansion_name=&card_kind%5B0%5D=%E6%8E%A8%E3%81%97%E3%83%9B%E3%83%AD%E3%83%A1%E3%83%B3&rare%5B0%5D=all&bloom_level%5B0%5D=all&parallel%5B0%5D=normal&view=text","https://hololive-official-cardgame.com/wp-content/images/cardlist/hSD10/hSD10-001_OSR.png","輪堂千速","推しホロメン","緑","5","[ホロパワー：-2]エンジン全開！レッツゴー！[ターンに1回]このターンに自分のホロメンがBloomしていたなら、このターンの間、自分のステージの#FLOW GLOWを持つホロメン1人のアーツ+30。","[ホロパワー：-2]向こう側の景色を見に行かない？[ゲームに1回]自分のエールデッキの上から1枚を自分のホロメンに送る。その後、自分の#FLOW GLOWを持つホロメン1人を選ぶ。このターンの間、選んだホロメンのエール1枚につき、選んだホロメンのアーツ+20。","","スタートデッキ FLOW GLOW 推し 輪堂千速","hSD10-001"
"https://hololive-official-cardgame.com/cardlist/?id=1469&%2Fcardlist%2Fcardsearch_ex=&keyword=&attribute%5B0%5D=all&expansion_name=&card_kind%5B0%5D=%E6%8E%A8%E3%81%97%E3%83%9B%E3%83%AD%E3%83%A1%E3%83%B3&rare%5B0%5D=all&bloom_level%5B0%5D=all&parallel%5B0%5D=normal&view=text","https://hololive-official-cardgame.com/wp-content/images/cardlist/hSD11/hSD11-001_OSR.png","虎金妃笑虎","推しホロメン","黄","5","[ホロパワー：-2]虎視眈々[ターンに1回]自分のアーカイブのエール1～2枚を自分のエールが付いていない#FLOW GLOWを持つホロメン1人に送る。","[ホロパワー：-2]ニコたんの名を呼ぶがいいさ！[ゲームに1回]自分の#FLOW GLOWを持つホロメンの能力でエールをアーカイブした時に使える：相手のセンターホロメンかコラボホロメンどちらかに、アーカイブしたエール1枚につき、特殊ダメージ30を与える。","","スタートデッキ FLOW GLOW 推し 虎金妃笑虎","hSD11-001"
"https://hololive-official-cardgame.com/cardlist/?id=1750&%2Fcardlist%2Fcardsearch_ex=&keyword=&attribute%5B0%5D=all&expansion_name=&card_kind%5B0%5D=%E6%8E%A8%E3%81%97%E3%83%9B%E3%83%AD%E3%83%A1%E3%83%B3&rare%5B0%5D=all&bloom_level%5B0%5D=all&parallel%5B0%5D=normal&view=text","https://hololive-official-cardgame.com/wp-content/images/cardlist/hSD12/hSD12-001_OSR.png","シオリ・ノヴェラ","推しホロメン","青","5","[ホロパワー：-1]収集家[ターンに1回]自分のデッキの上から3枚を見る。その中から、サポートカード1枚を公開し、手札に加える。そして残ったカードを好きな順でデッキの下に戻す。","[ホロパワー：-3]リベリオン[ゲームに1回]相手のDebut以外のバックホロメン1人に、自分のアーカイブのサポートカード1枚につき、特殊ダメージ10を与える。","","スタートデッキ 推し Advent","hSD12-001"
"https://hololive-official-cardgame.com/cardlist/?id=1751&%2Fcardlist%2Fcardsearch_ex=&keyword=&attribute%5B0%5D=all&expansion_name=&card_kind%5B0%5D=%E6%8E%A8%E3%81%97%E3%83%9B%E3%83%AD%E3%83%A1%E3%83%B3&rare%5B0%5D=all&bloom_level%5B0%5D=all&parallel%5B0%5D=normal&view=text","https://hololive-official-cardgame.com/wp-content/images/cardlist/hSD12/hSD12-002_OSR.png","古石ビジュー","推しホロメン","紫","5","[ホロパワー：-2]Biboo Tax[ターンに1回]お互いのエールデッキの上から1枚をアーカイブする。アーカイブしたエール1色につき、自分のデッキを1枚引く。","[ホロパワー：-2]古代魔石の輝き[ゲームに1回]相手のセンターホロメンに、自分のアーカイブの[#Adventを持つホロメンとエール]1枚につき、特殊ダメージ10を与える。","","スタートデッキ 推し Advent","hSD12-002"
"https://hololive-official-cardgame.com/cardlist/?id=1769&%2Fcardlist%2Fcardsearch_ex=&keyword=&attribute%5B0%5D=all&expansion_name=&card_kind%5B0%5D=%E6%8E%A8%E3%81%97%E3%83%9B%E3%83%AD%E3%83%A1%E3%83%B3&rare%5B0%5D=all&bloom_level%5B0%5D=all&parallel%5B0%5D=normal&view=text","https://hololive-official-cardgame.com/wp-content/images/cardlist/hSD13/hSD13-001_OSR.png","エリザベス・ローズ・ブラッドフレイム","推しホロメン","赤","5","[ホロパワー：-3]秩序の先駆者[ターンに1回]自分のホロメン1人が相手からアーツダメージを受ける時、自分のステージの[Buzzか2nd]の赤ホロメン1人を選べる：そのダメージを、選んだホロメンがかわりに受ける。","[ホロパワー：-3]JUST LIKE THAT[ゲームに1回]自分のアーカイブの#Justiceを持つホロメン1枚をステージに出す。その後、自分のアーカイブのエール1～5枚をそのホロメンに送る。","","スタートデッキ 推し Justice","hSD13-001"
"https://hololive-official-cardgame.com/cardlist/?id=1770&%2Fcardlist%2Fcardsearch_ex=&keyword=&attribute%5B0%5D=all&expansion_name=&card_kind%5B0%5D=%E6%8E%A8%E3%81%97%E3%83%9B%E3%83%AD%E3%83%A1%E3%83%B3&rare%5B0%5D=all&bloom_level%5B0%5D=all&parallel%5B0%5D=normal&view=text","https://hololive-official-cardgame.com/wp-content/images/cardlist/hSD13/hSD13-002_OSR.png","ジジ・ムリン","推しホロメン","黄","5","[ホロパワー：-1]Boat Goes Binted[ターンに1回]相手のセンターポジションとコラボポジションのホロメンを入れ替える。","[ホロパワー：-3]自由奔放な『追跡者』[ゲームに1回]自分のデッキから、2ndホロメンの〈ジジ・ムリン〉2枚を公開し、ステージに出す。そしてデッキをシャッフルする。その後、自分のアーカイブのエールを自分のホロメン全員に1枚ずつ送る。","","スタートデッキ 推し Justice","hSD13-002"
"https://hololive-official-cardgame.com/cardlist/?id=172&%2Fcardlist%2Fcardsearch_ex=&keyword=&attribute%5B0%5D=all&expansion_name=&card_kind%5B0%5D=%E6%8E%A8%E3%81%97%E3%83%9B%E3%83%AD%E3%83%A1%E3%83%B3&rare%5B0%5D=all&bloom_level%5B0%5D=all&parallel%5B0%5D=normal&view=text","https://hololive-official-cardgame.com/wp-content/images/cardlist/hY01/hYS01-001_OC.png","七詩ムメイ","推しホロメン","白","5","[ホロパワー：2消費]ホワイトバトン[ターンに１回]このターンの間、自分の白コラボホロメンのアーツ+20。","[ホロパワー：1消費]クイックガード[ゲームに１回]相手のターンで、自分の白ホロメンが相手からダメージを受ける時に使える：そのホロメン１人が受けるダメージ-20。","","スタートエールセット","hYS01-001"
"https://hololive-official-cardgame.com/cardlist/?id=173&%2Fcardlist%2Fcardsearch_ex=&keyword=&attribute%5B0%5D=all&expansion_name=&card_kind%5B0%5D=%E6%8E%A8%E3%81%97%E3%83%9B%E3%83%AD%E3%83%A1%E3%83%B3&rare%5B0%5D=all&bloom_level%5B0%5D=all&parallel%5B0%5D=normal&view=text","https://hololive-official-cardgame.com/wp-content/images/cardlist/hY01/hYS01-002_OC.png","兎田ぺこら","推しホロメン","緑","5","[ホロパワー：2消費]グリーンバトン[ターンに１回]このターンの間、自分の緑コラボホロメンのアーツ+20。","[ホロパワー：1消費]みんな頑張ろー！[ゲームに１回]自分の緑ホロメン全員のHP20回復。","","スタートエールセット","hYS01-002"
"https://hololive-official-cardgame.com/cardlist/?id=174&%2Fcardlist%2Fcardsearch_ex=&keyword=&attribute%5B0%5D=all&expansion_name=&card_kind%5B0%5D=%E6%8E%A8%E3%81%97%E3%83%9B%E3%83%AD%E3%83%A1%E3%83%B3&rare%5B0%5D=all&bloom_level%5B0%5D=all&parallel%5B0%5D=normal&view=text","https://hololive-official-cardgame.com/wp-content/images/cardlist/hY01/hYS01-003_OC.png","小鳥遊キアラ","推しホロメン","赤","5","[ホロパワー：2消費]レッドバトン[ターンに１回]このターンの間、自分の赤コラボホロメンのアーツ+20。","[ホロパワー：1消費]さあ！もう一度！[ゲームに１回]自分のアーカイブの赤ホロメン１枚を手札に戻す。","","スタートエールセット","hYS01-003"
"https://hololive-official-cardgame.com/cardlist/?id=175&%2Fcardlist%2Fcardsearch_ex=&keyword=&attribute%5B0%5D=all&expansion_name=&card_kind%5B0%5D=%E6%8E%A8%E3%81%97%E3%83%9B%E3%83%AD%E3%83%A1%E3%83%B3&rare%5B0%5D=all&bloom_level%5B0%5D=all&parallel%5B0%5D=normal&view=text","https://hololive-official-cardgame.com/wp-content/images/cardlist/hY01/hYS01-004_OC.png","星街すいせい","推しホロメン","青","5","[ホロパワー：2消費]ブルーバトン[ターンに１回]このターンの間、自分の青コラボホロメンのアーツ+20。","[ホロパワー：1消費]バックショット[ゲームに１回]自分のホロメンが相手のバックホロメンにダメージを与えた時に使える：その相手のバックホロメン１人に特殊ダメージ50を与える。","","スタートエールセット","hYS01-004"