url,name,cardType,cardType2,arts,product,number
https://hololive-official-cardgame.com/cardlist/?id=1877&keyword=&attribute%5B0%5D=all&expansion_name=&card_kind%5B0%5D=%E3%82%B5%E3%83%9D%E3%83%BC%E3%83%88&rare%5B0%5D=all&bloom_level%5B0%5D=all&parallel%5B0%5D=normal&view=text,ライブスタッフ,サポート,スタッフ,"このカードは、自分のステージのエール1枚をアーカイブしなければ使えない。

自分のアーカイブのファン1枚を自分のホロメンに付ける。付けたなら、自分のアーカイブのホロメン1枚を手札に戻す。",ディーヴァフィーバー,hBP07-091
https://hololive-official-cardgame.com/cardlist/?id=1878&keyword=&attribute%5B0%5D=all&expansion_name=&card_kind%5B0%5D=%E3%82%B5%E3%83%9D%E3%83%BC%E3%83%88&rare%5B0%5D=all&bloom_level%5B0%5D=all&parallel%5B0%5D=normal&view=text,アーカイブパソコン,サポート,"アイテム
LIMITED","自分のアーカイブのホロメン1～3枚をデッキに戻してシャッフルする。その後、自分のデッキを2枚引く。

LIMITED：ターンに1枚しか使えない。",ディーヴァフィーバー,hBP07-092
https://hololive-official-cardgame.com/cardlist/?id=1879&keyword=&attribute%5B0%5D=all&expansion_name=&card_kind%5B0%5D=%E3%82%B5%E3%83%9D%E3%83%BC%E3%83%88&rare%5B0%5D=all&bloom_level%5B0%5D=all&parallel%5B0%5D=normal&view=text,うまみー！,サポート,イベント,"自分のコラボポジションの〈ベスティア・ゼータ〉を選ぶ。このターンの間、選んだホロメンのアーツ+40。その後、サイコロを1回振る。6以外なら、このカードをデッキに戻してシャッフルする。 
自分の〈うまみー！〉はターンに1回しか使えない。",ディーヴァフィーバー,hBP07-093
https://hololive-official-cardgame.com/cardlist/?id=1880&keyword=&attribute%5B0%5D=all&expansion_name=&card_kind%5B0%5D=%E3%82%B5%E3%83%9D%E3%83%BC%E3%83%88&rare%5B0%5D=all&bloom_level%5B0%5D=all&parallel%5B0%5D=normal&view=text,ギリわるロボ,サポート,"イベント
LIMITED","自分の手札すべてをデッキに戻してシャッフルする。そして自分のデッキを4枚引く。自分のライフが3以下なら、かわりに、お互いの手札すべてをデッキに戻してシャッフルする。そしてそれぞれのデッキを4枚引く。

LIMITED：ターンに1枚しか使えない。",ディーヴァフィーバー,hBP07-094
https://hololive-official-cardgame.com/cardlist/?id=1881&keyword=&attribute%5B0%5D=all&expansion_name=&card_kind%5B0%5D=%E3%82%B5%E3%83%9D%E3%83%BC%E3%83%88&rare%5B0%5D=all&bloom_level%5B0%5D=all&parallel%5B0%5D=normal&view=text,クロスインパクト,サポート,"イベント
LIMITED","このカードは、お互いのセンターホロメンが2ndホロメンでなければ使えない。

お互いにサイコロを1回振る。自分の出た目の数が相手以上なら、このターンの間、自分のセンターホロメンのアーツ+100。自分の出た目の数が相手より小さいなら、自分のエールデッキの上から1枚を自分のホロメンに送る。

LIMITED：ターンに1枚しか使えない。",ディーヴァフィーバー,hBP07-095
https://hololive-official-cardgame.com/cardlist/?id=1882&keyword=&attribute%5B0%5D=all&expansion_name=&card_kind%5B0%5D=%E3%82%B5%E3%83%9D%E3%83%BC%E3%83%88&rare%5B0%5D=all&bloom_level%5B0%5D=all&parallel%5B0%5D=normal&view=text,ちゃま旅,サポート,イベント,自分のバックポジションの〈赤井はあと〉1人を選ぶ。選んだホロメンを含め重なっているホロメンすべてを好きな順でデッキの下に戻す。このターンの間、自分の〈赤井はあと〉全員のアーツに必要な無色-1。,ディーヴァフィーバー,hBP07-096
https://hololive-official-cardgame.com/cardlist/?id=1883&keyword=&attribute%5B0%5D=all&expansion_name=&card_kind%5B0%5D=%E3%82%B5%E3%83%9D%E3%83%BC%E3%83%88&rare%5B0%5D=all&bloom_level%5B0%5D=all&parallel%5B0%5D=normal&view=text,時の支配者 -Promise-,サポート,"イベント
LIMITED","このカードは、自分のステージのホロメン全員が#Promiseを持つホロメンでなければ使えない。

自分のデッキから、#Promiseを持つホロメン2枚を公開し、手札に加える。そしてデッキをシャッフルする。その後、自分のライフが相手より少ないなら、自分のステージのホロメン1人を選ぶ。このターンの間、選んだホロメンのアーツ+20。

LIMITED：ターンに1枚しか使えない。",ディーヴァフィーバー,hBP07-097
https://hololive-official-cardgame.com/cardlist/?id=1884&keyword=&attribute%5B0%5D=all&expansion_name=&card_kind%5B0%5D=%E3%82%B5%E3%83%9D%E3%83%BC%E3%83%88&rare%5B0%5D=all&bloom_level%5B0%5D=all&parallel%5B0%5D=normal&view=text,ビッグゴッドミオーンの占い,サポート,"イベント
LIMITED","このカードは、自分の推しホロメンが〈大神ミオ〉でなければ使えない。

自分のデッキの上から3枚を公開する。このターンの間、この能力で公開したサポートカード1枚につき、自分のステージのホロメン全員のアーツ+20。そして公開したカードを好きな順でデッキの上に戻す。

LIMITED：ターンに1枚しか使えない。",ディーヴァフィーバー,hBP07-098
https://hololive-official-cardgame.com/cardlist/?id=1885&keyword=&attribute%5B0%5D=all&expansion_name=&card_kind%5B0%5D=%E3%82%B5%E3%83%9D%E3%83%BC%E3%83%88&rare%5B0%5D=all&bloom_level%5B0%5D=all&parallel%5B0%5D=normal&view=text,ブヒー！,サポート,"イベント
LIMITED","自分のデッキを2枚引く。その後、直前の相手のターンに自分のホロメンがダウンしていたなら、自分のステージのホロメン1人を選ぶ。このターンの間、選んだホロメンのアーツ+20。さらに、直前の相手のターンにダウンしていた自分のホロメンが〈ラプラス・ダークネス〉なら、自分のデッキを2枚引く。

LIMITED：ターンに1枚しか使えない。",ディーヴァフィーバー,hBP07-099
https://hololive-official-cardgame.com/cardlist/?id=1886&keyword=&attribute%5B0%5D=all&expansion_name=&card_kind%5B0%5D=%E3%82%B5%E3%83%9D%E3%83%BC%E3%83%88&rare%5B0%5D=all&bloom_level%5B0%5D=all&parallel%5B0%5D=normal&view=text,フロンティアスピリット,サポート,イベント,"自分のアーカイブの〈AZKi〉1枚を手札に戻す。その後、自分のアーカイブの〈フロンティアスピリット〉1枚につき、自分のアーカイブのエール1枚を自分の〈AZKi〉1人に送る。
自分の〈フロンティアスピリット〉はターンに1回しか使えない。",ディーヴァフィーバー,hBP07-100
https://hololive-official-cardgame.com/cardlist/?id=1887&keyword=&attribute%5B0%5D=all&expansion_name=&card_kind%5B0%5D=%E3%82%B5%E3%83%9D%E3%83%BC%E3%83%88&rare%5B0%5D=all&bloom_level%5B0%5D=all&parallel%5B0%5D=normal&view=text,ASMRマイク,サポート,ツール,ブースターパック「ディーヴァフィーバー」,ディーヴァフィーバー,hBP07-101
https://hololive-official-cardgame.com/cardlist/?id=1888&keyword=&attribute%5B0%5D=all&expansion_name=&card_kind%5B0%5D=%E3%82%B5%E3%83%9D%E3%83%BC%E3%83%88&rare%5B0%5D=all&bloom_level%5B0%5D=all&parallel%5B0%5D=normal&view=text,角巻わためのハンマー,サポート,ツール,"このツールが付いている〈角巻わため〉のアーツ+20。

◆2ndの〈角巻わため〉に付いていたら能力追加
■[センターポジション限定]このホロメンのアーツ+30。
■[センターポジション限定]このホロメンがアーツを使った時、サイコロを1回振る。3か5なら、このホロメン以外の自分のホロメン1人に特殊ダメージ50を与える。

ツールは、自分のホロメン1人につき1枚だけ付けられる。",ディーヴァフィーバー,hBP07-102
https://hololive-official-cardgame.com/cardlist/?id=1889&keyword=&attribute%5B0%5D=all&expansion_name=&card_kind%5B0%5D=%E3%82%B5%E3%83%9D%E3%83%BC%E3%83%88&rare%5B0%5D=all&bloom_level%5B0%5D=all&parallel%5B0%5D=normal&view=text,ギラファノコギリクワガタ,サポート,ツール,"このツールが付いている〈桃鈴ねね〉のアーツ+20。

◆1st以上の〈桃鈴ねね〉に付いていたら能力追加
このホロメンのアーツダメージは軽減されない。

ツールは、自分のホロメン1人につき1枚だけ付けられる。",ディーヴァフィーバー,hBP07-103
https://hololive-official-cardgame.com/cardlist/?id=1890&keyword=&attribute%5B0%5D=all&expansion_name=&card_kind%5B0%5D=%E3%82%B5%E3%83%9D%E3%83%BC%E3%83%88&rare%5B0%5D=all&bloom_level%5B0%5D=all&parallel%5B0%5D=normal&view=text,Thorn,サポート,ツール,"このツールが付いている〈エリザベス・ローズ・ブラッドフレイム〉のアーツ+20。

◆2ndの〈エリザベス・ローズ・ブラッドフレイム〉に付いていたら能力追加
このホロメンのHPが減っているなら、このホロメンのアーツ+20。

ツールは、自分のホロメン1人につき1枚だけ付けられる。",ディーヴァフィーバー,hBP07-104
https://hololive-official-cardgame.com/cardlist/?id=1891&keyword=&attribute%5B0%5D=all&expansion_name=&card_kind%5B0%5D=%E3%82%B5%E3%83%9D%E3%83%BC%E3%83%88&rare%5B0%5D=all&bloom_level%5B0%5D=all&parallel%5B0%5D=normal&view=text,BAZO,サポート,マスコット,"このマスコットが付いているホロメンのアーツ+10。

◆〈ベスティア・ゼータ〉に付いていたら能力追加
このホロメンがアーツを使った時、自分のアーカイブのファン1枚を手札に戻す。

マスコットは、自分のホロメン1人につき1枚だけ付けられる。",ディーヴァフィーバー,hBP07-105
https://hololive-official-cardgame.com/cardlist/?id=1892&%2Fcardlist%2Fcardsearch_ex=&keyword=&attribute%5B0%5D=all&expansion_name=&card_kind%5B0%5D=%E3%82%B5%E3%83%9D%E3%83%BC%E3%83%88&rare%5B0%5D=all&bloom_level%5B0%5D=all&parallel%5B0%5D=normal&view=text,ハトタウロス,サポート,マスコット,ブースターパック「ディーヴァフィーバー」,ディーヴァフィーバー,hBP07-106
https://hololive-official-cardgame.com/cardlist/?id=1893&%2Fcardlist%2Fcardsearch_ex=&keyword=&attribute%5B0%5D=all&expansion_name=&card_kind%5B0%5D=%E3%82%B5%E3%83%9D%E3%83%BC%E3%83%88&rare%5B0%5D=all&bloom_level%5B0%5D=all&parallel%5B0%5D=normal&view=text,Boros,サポート,マスコット,"このマスコットが付いているホロメンのHP+20。

◆〈オーロ・クロニー〉に付いていたら能力追加
このゲーム中に、自分の〈オーロ・クロニー〉のSP推しスキル「時間の典獄」を使っていたなら、このホロメンのアーツ+20。

マスコットは、自分のホロメン1人につき1枚だけ付けられる。",ディーヴァフィーバー,hBP07-107
https://hololive-official-cardgame.com/cardlist/?id=1894&%2Fcardlist%2Fcardsearch_ex=&keyword=&attribute%5B0%5D=all&expansion_name=&card_kind%5B0%5D=%E3%82%B5%E3%83%9D%E3%83%BC%E3%83%88&rare%5B0%5D=all&bloom_level%5B0%5D=all&parallel%5B0%5D=normal&view=text,Zecretary,サポート,ファン,"■このファンが付いているホロメンがアーツを使う時、自分の推しホロメンが〈ベスティア・ゼータ〉なら、このファンを白エールとしても扱う。
■相手のターンで、このファンが付いているホロメンがダメージを受けた時、このファンをアーカイブする。

このファンは、自分の〈ベスティア・ゼータ〉だけに付けられ、1人につき何枚でも付けられる。",ディーヴァフィーバー,hBP07-108
https://hololive-official-cardgame.com/cardlist/?id=1895&%2Fcardlist%2Fcardsearch_ex=&keyword=&attribute%5B0%5D=all&expansion_name=&card_kind%5B0%5D=%E3%82%B5%E3%83%9D%E3%83%BC%E3%83%88&rare%5B0%5D=all&bloom_level%5B0%5D=all&parallel%5B0%5D=normal&view=text,Kronies,サポート,ファン,"このファンが付いているホロメンのアーツ+10。

このファンは、自分の〈オーロ・クロニー〉だけに付けられ、1人につき何枚でも付けられる。",ディーヴァフィーバー,hBP07-109
https://hololive-official-cardgame.com/cardlist/?id=1896&%2Fcardlist%2Fcardsearch_ex=&keyword=&attribute%5B0%5D=all&expansion_name=&card_kind%5B0%5D=%E3%82%B5%E3%83%9D%E3%83%BC%E3%83%88&rare%5B0%5D=all&bloom_level%5B0%5D=all&parallel%5B0%5D=normal&view=text,ねっ子,サポート,ファン,"[ターンに1回]このファンが付いているホロメンのBloomレベルが上がった時、自分のデッキを1枚引く。

このファンは、自分の〈桃鈴ねね〉だけに付けられ、1人につき何枚でも付けられる。",ディーヴァフィーバー,hBP07-110
https://hololive-official-cardgame.com/cardlist/?id=1784&%2Fcardlist%2Fcardsearch_ex=&keyword=&attribute%5B0%5D=all&expansion_name=&card_kind%5B0%5D=%E3%82%B5%E3%83%9D%E3%83%BC%E3%83%88&rare%5B0%5D=all&bloom_level%5B0%5D=all&parallel%5B0%5D=normal&view=text,Justice,サポート,"イベント
LIMITED","このカードは、自分の手札がこのカードを含まずに6枚以下でなければ使えない。

自分のデッキの上から4枚を見る。その中から、#Justiceを持つホロメンを好きな枚数公開し、公開したホロメンを手札に加える。そして残ったカードを好きな順でデッキの下に戻す。

LIMITED：ターンに1枚しか使えない。",スタートデッキ 推し Justice,hSD13-016
https://hololive-official-cardgame.com/cardlist/?id=1785&%2Fcardlist%2Fcardsearch_ex=&keyword=&attribute%5B0%5D=all&expansion_name=&card_kind%5B0%5D=%E3%82%B5%E3%83%9D%E3%83%BC%E3%83%88&rare%5B0%5D=all&bloom_level%5B0%5D=all&parallel%5B0%5D=normal&view=text,"JUSTICE, JUST LIKE THAT!!!!",サポート,"イベント
LIMITED","このカードは、自分のステージのホロメン全員が#Justiceを持つホロメンでなければ使えない。

自分のステージのホロメン1人を選ぶ。選んだホロメンに重なっているホロメン1～2枚を手札に戻す。このターンの間、この能力で戻したホロメン1枚につき、選んだホロメンのアーツ+20。

LIMITED：ターンに1枚しか使えない。",スタートデッキ 推し Justice,hSD13-017
https://hololive-official-cardgame.com/cardlist/?id=1786&%2Fcardlist%2Fcardsearch_ex=&keyword=&attribute%5B0%5D=all&expansion_name=&card_kind%5B0%5D=%E3%82%B5%E3%83%9D%E3%83%BC%E3%83%88&rare%5B0%5D=all&bloom_level%5B0%5D=all&parallel%5B0%5D=normal&view=text,Popo,サポート,マスコット,"このマスコットが付いているホロメンのHP+20。

◆〈ジジ・ムリン〉に付いていたら能力追加
このホロメンに重なっているホロメンが0枚なら、このホロメンのアーツ+20。

マスコットは、自分のホロメン1人につき1枚だけ付けられる。",スタートデッキ 推し Justice,hSD13-018
https://hololive-official-cardgame.com/cardlist/?id=1764&%2Fcardlist%2Fcardsearch_ex=&keyword=&attribute%5B0%5D=all&expansion_name=&card_kind%5B0%5D=%E3%82%B5%E3%83%9D%E3%83%BC%E3%83%88&rare%5B0%5D=all&bloom_level%5B0%5D=all&parallel%5B0%5D=normal&view=text,脱獄を果たした共犯者たち,サポート,イベント,"このカードは、自分のステージのホロメン全員が#Adventを持つホロメンでなければ使えない。

相手のセンターホロメンに特殊ダメージ20を与える。その後、自分のアーカイブのエール1枚を自分のホロメンに送る。
自分の〈脱獄を果たした共犯者たち〉はターンに1回しか使えない。",スタートデッキ 推し Advent,hSD12-015
https://hololive-official-cardgame.com/cardlist/?id=1765&%2Fcardlist%2Fcardsearch_ex=&keyword=&attribute%5B0%5D=all&expansion_name=&card_kind%5B0%5D=%E3%82%B5%E3%83%9D%E3%83%BC%E3%83%88&rare%5B0%5D=all&bloom_level%5B0%5D=all&parallel%5B0%5D=normal&view=text,GEOW,サポート,マスコット,"このマスコットが付いているホロメンのHP+20。

このマスコットを手札から1st以上の〈古石ビジュー〉に付けた時、自分のステージのエール1枚をアーカイブできる：自分のエールデッキから、エール1枚を公開し、自分のホロメンに送る。そしてエールデッキをシャッフルする。

マスコットは、自分のホロメン1人につき1枚だけ付けられる。",スタートデッキ 推し Advent,hSD12-016
https://hololive-official-cardgame.com/cardlist/?id=1562&%2Fcardlist%2Fcardsearch_ex=&keyword=&attribute%5B0%5D=all&expansion_name=&card_kind%5B0%5D=%E3%82%B5%E3%83%9D%E3%83%BC%E3%83%88&rare%5B0%5D=all&bloom_level%5B0%5D=all&parallel%5B0%5D=normal&view=text,フェイバリットパソコン,サポート,"アイテム
LIMITED","自分のデッキから、同じカード名の[DebutホロメンとBuzzホロメン]1枚ずつと#Buzzグッズを持つサポートカード1枚を公開し、公開したカードを手札に加える。そしてデッキをシャッフルする。

LIMITED：ターンに1枚しか使えない。",アヤカシヴァーミリオン,hBP06-085
https://hololive-official-cardgame.com/cardlist/?id=1563&%2Fcardlist%2Fcardsearch_ex=&keyword=&attribute%5B0%5D=all&expansion_name=&card_kind%5B0%5D=%E3%82%B5%E3%83%9D%E3%83%BC%E3%83%88&rare%5B0%5D=all&bloom_level%5B0%5D=all&parallel%5B0%5D=normal&view=text,愛情いっぱい召し上がれ♪,サポート,"イベント
LIMITED","自分のデッキを1枚引く。その後、自分のホロメン1人のHP100回復。

LIMITED：ターンに1枚しか使えない。",アヤカシヴァーミリオン,hBP06-086
https://hololive-official-cardgame.com/cardlist/?id=1564&%2Fcardlist%2Fcardsearch_ex=&keyword=&attribute%5B0%5D=all&expansion_name=&card_kind%5B0%5D=%E3%82%B5%E3%83%9D%E3%83%BC%E3%83%88&rare%5B0%5D=all&bloom_level%5B0%5D=all&parallel%5B0%5D=normal&view=text,しめじダンス,サポート,イベント,ブースターパック「アヤカシヴァーミリオン」,アヤカシヴァーミリオン,hBP06-087
https://hololive-official-cardgame.com/cardlist/?id=1565&%2Fcardlist%2Fcardsearch_ex=&keyword=&attribute%5B0%5D=all&expansion_name=&card_kind%5B0%5D=%E3%82%B5%E3%83%9D%E3%83%BC%E3%83%88&rare%5B0%5D=all&bloom_level%5B0%5D=all&parallel%5B0%5D=normal&view=text,ドッキリうさぎ,サポート,"イベント
LIMITED","このカードは、直前の相手のターンに自分のホロメンがダウンしていて、自分のライフが相手より少ない時にしか使えない。
 
相手のセンターホロメンかコラボホロメンを選ぶ。選んだホロメンをお休みさせてバックポジションに移動させる。選んだホロメンは、次の相手のリセットステップでアクティブにならない。

LIMITED：ターンに1枚しか使えない。",アヤカシヴァーミリオン,hBP06-088
https://hololive-official-cardgame.com/cardlist/?id=1566&%2Fcardlist%2Fcardsearch_ex=&keyword=&attribute%5B0%5D=all&expansion_name=&card_kind%5B0%5D=%E3%82%B5%E3%83%9D%E3%83%BC%E3%83%88&rare%5B0%5D=all&bloom_level%5B0%5D=all&parallel%5B0%5D=normal&view=text,ドローイングストリーム,サポート,"イベント
LIMITED","自分のエールデッキから、エール1枚を公開し、自分の#絵を持つホロメンに送る。そしてエールデッキをシャッフルする。その後、自分のアーカイブの#絵を持つホロメン1枚を手札に戻す。

LIMITED：ターンに1枚しか使えない。",アヤカシヴァーミリオン,hBP06-089
https://hololive-official-cardgame.com/cardlist/?id=1567&%2Fcardlist%2Fcardsearch_ex=&keyword=&attribute%5B0%5D=all&expansion_name=&card_kind%5B0%5D=%E3%82%B5%E3%83%9D%E3%83%BC%E3%83%88&rare%5B0%5D=all&bloom_level%5B0%5D=all&parallel%5B0%5D=normal&view=text,ブルームステージ,サポート,"イベント
LIMITED","自分のデッキを2枚引く。その後、自分のライフが4以下なら、自分のこのターンにDebutホロメンからBloomした1stホロメン1人を、自分の手札のホロメンを使ってもう1回Bloomできる。

LIMITED：ターンに1枚しか使えない。",アヤカシヴァーミリオン,hBP06-090
https://hololive-official-cardgame.com/cardlist/?id=1568&%2Fcardlist%2Fcardsearch_ex=&keyword=&attribute%5B0%5D=all&expansion_name=&card_kind%5B0%5D=%E3%82%B5%E3%83%9D%E3%83%BC%E3%83%88&rare%5B0%5D=all&bloom_level%5B0%5D=all&parallel%5B0%5D=normal&view=text,ホロライブ1期生,サポート,"イベント
LIMITED","このカードは、自分の手札がこのカードを含まずに6枚以下でなければ使えない。
 
自分のデッキの上から4枚を見る。その中から、#1期生を持つホロメンを好きな枚数公開し、公開したホロメンを手札に加える。そして残ったカードを好きな順でデッキの下に戻す。

LIMITED：ターンに1枚しか使えない。",アヤカシヴァーミリオン,hBP06-091
https://hololive-official-cardgame.com/cardlist/?id=1569&%2Fcardlist%2Fcardsearch_ex=&keyword=&attribute%5B0%5D=all&expansion_name=&card_kind%5B0%5D=%E3%82%B5%E3%83%9D%E3%83%BC%E3%83%88&rare%5B0%5D=all&bloom_level%5B0%5D=all&parallel%5B0%5D=normal&view=text,マヨネーズちゅっちゅっ,サポート,イベント,このターンの間、自分のステージの〈博衣こより〉1人のアーツ+30。,アヤカシヴァーミリオン,hBP06-092
https://hololive-official-cardgame.com/cardlist/?id=1570&%2Fcardlist%2Fcardsearch_ex=&keyword=&attribute%5B0%5D=all&expansion_name=&card_kind%5B0%5D=%E3%82%B5%E3%83%9D%E3%83%BC%E3%83%88&rare%5B0%5D=all&bloom_level%5B0%5D=all&parallel%5B0%5D=normal&view=text,山田ルイ54世,サポート,"イベント
LIMITED","このカードは、自分のステージのホロメン全員が#秘密結社holoXを持つホロメンでなければ使えない。
 
自分のデッキから、#秘密結社holoXを持つホロメン2枚を公開し、手札に加える。そしてデッキをシャッフルする。その後、自分のステージのエールの枚数が相手より少ないなら、自分のエールデッキの上から1枚を自分のホロメンに送れる。

LIMITED：ターンに1枚しか使えない。",アヤカシヴァーミリオン,hBP06-093
https://hololive-official-cardgame.com/cardlist/?id=1571&%2Fcardlist%2Fcardsearch_ex=&keyword=&attribute%5B0%5D=all&expansion_name=&card_kind%5B0%5D=%E3%82%B5%E3%83%9D%E3%83%BC%E3%83%88&rare%5B0%5D=all&bloom_level%5B0%5D=all&parallel%5B0%5D=normal&view=text,ワークアウト,サポート,"イベント
LIMITED","このカードは、自分のコラボホロメンがいるか、相手のコラボホロメンがいない時にしか使えない。
 
このターンの間、自分のステージのホロメン1人のアーツ+20。そのホロメンがBuzzホロメンか2ndホロメンなら、かわりに、そのホロメンのアーツ+50。

LIMITED：ターンに1枚しか使えない。",アヤカシヴァーミリオン,hBP06-094
https://hololive-official-cardgame.com/cardlist/?id=1572&%2Fcardlist%2Fcardsearch_ex=&keyword=&attribute%5B0%5D=all&expansion_name=&card_kind%5B0%5D=%E3%82%B5%E3%83%9D%E3%83%BC%E3%83%88&rare%5B0%5D=all&bloom_level%5B0%5D=all&parallel%5B0%5D=normal&view=text,IDENTIFY -AREA 15-,サポート,"イベント
LIMITED","このカードは、自分のステージのホロメン全員が#ID1期生を持つホロメンでなければ使えない。
 
自分のデッキから、#ID1期生を持つホロメン2枚を公開し、手札に加える。そしてデッキをシャッフルする。その後、自分のエールデッキの枚数が0枚なら、このターンの間、自分の#ID1期生を持つホロメンが相手のセンターホロメンをダウンさせた時、相手のライフ-1。

LIMITED：ターンに1枚しか使えない。",アヤカシヴァーミリオン,hBP06-095
https://hololive-official-cardgame.com/cardlist/?id=1573&%2Fcardlist%2Fcardsearch_ex=&keyword=&attribute%5B0%5D=all&expansion_name=&card_kind%5B0%5D=%E3%82%B5%E3%83%9D%E3%83%BC%E3%83%88&rare%5B0%5D=all&bloom_level%5B0%5D=all&parallel%5B0%5D=normal&view=text,2人あわせてラムダック！,サポート,"イベント
LIMITED","自分の[〈角巻わため〉と〈大空スバル〉]1人ずつを選ぶ。自分のアーカイブのエールを選んだホロメンに1枚ずつ送る。その後、このターンの間、選んだホロメンのアーツ+20。

LIMITED：ターンに1枚しか使えない。",アヤカシヴァーミリオン,hBP06-096
https://hololive-official-cardgame.com/cardlist/?id=1574&%2Fcardlist%2Fcardsearch_ex=&keyword=&attribute%5B0%5D=all&expansion_name=&card_kind%5B0%5D=%E3%82%B5%E3%83%9D%E3%83%BC%E3%83%88&rare%5B0%5D=all&bloom_level%5B0%5D=all&parallel%5B0%5D=normal&view=text,カワイイスタジャン,サポート,ツール,ブースターパック「アヤカシヴァーミリオン」,アヤカシヴァーミリオン,hBP06-097
https://hololive-official-cardgame.com/cardlist/?id=1575&%2Fcardlist%2Fcardsearch_ex=&keyword=&attribute%5B0%5D=all&expansion_name=&card_kind%5B0%5D=%E3%82%B5%E3%83%9D%E3%83%BC%E3%83%88&rare%5B0%5D=all&bloom_level%5B0%5D=all&parallel%5B0%5D=normal&view=text,鬼神刀「阿修羅」,サポート,ツール,"このツールが付いているホロメンのアーツ+10。
 
◆〈百鬼あやめ〉に付いていたら能力追加
このツールが付いているホロメンがコラボした時、自分のライフが1で、相手のコラボホロメンがいないなら、相手は、自身のバックホロメン1人をコラボポジションに移動させる（移動はコラボとしては扱わない）。
 
ツールは、自分のホロメン1人につき1枚だけ付けられる。",アヤカシヴァーミリオン,hBP06-098
https://hololive-official-cardgame.com/cardlist/?id=1576&%2Fcardlist%2Fcardsearch_ex=&keyword=&attribute%5B0%5D=all&expansion_name=&card_kind%5B0%5D=%E3%82%B5%E3%83%9D%E3%83%BC%E3%83%88&rare%5B0%5D=all&bloom_level%5B0%5D=all&parallel%5B0%5D=normal&view=text,ゆび,サポート,ツール,"このツールが付いているホロメンのアーツ+10。
 
このツールを手札から〈戌神ころね〉に付けた時、自分のアーカイブの〈戌神ころね〉1枚を手札に戻せる。
 
ツールは、自分のホロメン1人につき1枚だけ付けられる。",アヤカシヴァーミリオン,hBP06-099
https://hololive-official-cardgame.com/cardlist/?id=1577&%2Fcardlist%2Fcardsearch_ex=&keyword=&attribute%5B0%5D=all&expansion_name=&card_kind%5B0%5D=%E3%82%B5%E3%83%9D%E3%83%BC%E3%83%88&rare%5B0%5D=all&bloom_level%5B0%5D=all&parallel%5B0%5D=normal&view=text,Chattino,サポート,マスコット,"このマスコットが付いているホロメンのHP+10。
 
◆1st以上の〈ラオーラ・パンテーラ〉に付いていたら能力追加
自分の推しホロメンが〈ラオーラ・パンテーラ〉なら、このマスコットが付いているホロメンのHP+20。
 
マスコットは、自分のホロメン1人につき1枚だけ付けられる。",アヤカシヴァーミリオン,hBP06-100
https://hololive-official-cardgame.com/cardlist/?id=1578&%2Fcardlist%2Fcardsearch_ex=&keyword=&attribute%5B0%5D=all&expansion_name=&card_kind%5B0%5D=%E3%82%B5%E3%83%9D%E3%83%BC%E3%83%88&rare%5B0%5D=all&bloom_level%5B0%5D=all&parallel%5B0%5D=normal&view=text,ムーナびと,サポート,マスコット,"このマスコットが付いているホロメンのHP+20。
 
◆〈ムーナ・ホシノヴァ〉に付いていたら能力追加
[ターンに1回]このマスコットが付いているホロメンが相手のホロメンに特殊ダメージを与えた時、自分のアーカイブの青エール1枚を自分のバックホロメンに送れる。
 
マスコットは、自分のホロメン1人につき1枚だけ付けられる。",アヤカシヴァーミリオン,hBP06-101
https://hololive-official-cardgame.com/cardlist/?id=1579&%2Fcardlist%2Fcardsearch_ex=&keyword=&attribute%5B0%5D=all&expansion_name=&card_kind%5B0%5D=%E3%82%B5%E3%83%9D%E3%83%BC%E3%83%88&rare%5B0%5D=all&bloom_level%5B0%5D=all&parallel%5B0%5D=normal&view=text,えびふらいおん,サポート,マスコット,"このマスコットが付いているホロメンのHP+20。
 
◆〈夏色まつり〉に付いていたら能力追加
相手のターンで、このマスコットが付いているホロメンがダウンした時、このホロメンの黄エール1枚を自分の他の〈夏色まつり〉に付け替えられる。
 
マスコットは、自分のホロメン1人につき1枚だけ付けられる。",アヤカシヴァーミリオン,hBP06-102
https://hololive-official-cardgame.com/cardlist/?id=1580&%2Fcardlist%2Fcardsearch_ex=&keyword=&attribute%5B0%5D=all&expansion_name=&card_kind%5B0%5D=%E3%82%B5%E3%83%9D%E3%83%BC%E3%83%88&rare%5B0%5D=all&bloom_level%5B0%5D=all&parallel%5B0%5D=normal&view=text,まつりす,サポート,ファン,"自分の[推しホロメンか#1期生を持つホロメン]の能力でサイコロを振った時、このファンをアーカイブできる：そのサイコロの目の数1つを4として扱う。
 
このファンは、自分の〈夏色まつり〉だけに付けられ、1人につき何枚でも付けられる。",アヤカシヴァーミリオン,hBP06-103
https://hololive-official-cardgame.com/cardlist/?id=1581&%2Fcardlist%2Fcardsearch_ex=&keyword=&attribute%5B0%5D=all&expansion_name=&card_kind%5B0%5D=%E3%82%B5%E3%83%9D%E3%83%BC%E3%83%88&rare%5B0%5D=all&bloom_level%5B0%5D=all&parallel%5B0%5D=normal&view=text,スバ友,サポート,ファン,"相手のターンで、このファンが付いているホロメンがダウンした時、自分のエールデッキの上から1枚を自分の〈大空スバル〉に送れる。
 
このファンは、自分の〈大空スバル〉だけに付けられ、1人につき何枚でも付けられる。",アヤカシヴァーミリオン,hBP06-104
https://hololive-official-cardgame.com/cardlist/?id=1264&%2Fcardlist%2Fcardsearch_ex=&keyword=&attribute%5B0%5D=all&expansion_name=&card_kind%5B0%5D=%E3%82%B5%E3%83%9D%E3%83%BC%E3%83%88&rare%5B0%5D=all&bloom_level%5B0%5D=all&parallel%5B0%5D=normal&view=text,フレンドリーパソコン,サポート,アイテム,自分のデッキから、エクストラ「このホロメンはデッキに何枚でも入れられる」を持つDebutホロメン1～2枚を公開し、ステージに出す。そしてデッキをシャッフルする。Debutホロメンを2枚出したなら、さらに、自分の手札1枚をデッキの下に戻す。,エンチャントレガリア,hBP05-074
https://hololive-official-cardgame.com/cardlist/?id=1265&%2Fcardlist%2Fcardsearch_ex=&keyword=&attribute%5B0%5D=all&expansion_name=&card_kind%5B0%5D=%E3%82%B5%E3%83%9D%E3%83%BC%E3%83%88&rare%5B0%5D=all&bloom_level%5B0%5D=all&parallel%5B0%5D=normal&view=text,牛丼,サポート,イベント,ブースターパック「エンチャントレガリア」,エンチャントレガリア,hBP05-075
https://hololive-official-cardgame.com/cardlist/?id=1266&%2Fcardlist%2Fcardsearch_ex=&keyword=&attribute%5B0%5D=all&expansion_name=&card_kind%5B0%5D=%E3%82%B5%E3%83%9D%E3%83%BC%E3%83%88&rare%5B0%5D=all&bloom_level%5B0%5D=all&parallel%5B0%5D=normal&view=text,ちょこのビーフストロガノフ,サポート,イベント,ブースターパック「エンチャントレガリア」,エンチャントレガリア,hBP05-076
https://hololive-official-cardgame.com/cardlist/?id=1267&%2Fcardlist%2Fcardsearch_ex=&keyword=&attribute%5B0%5D=all&expansion_name=&card_kind%5B0%5D=%E3%82%B5%E3%83%9D%E3%83%BC%E3%83%88&rare%5B0%5D=all&bloom_level%5B0%5D=all&parallel%5B0%5D=normal&view=text,バカタレサーカス,サポート,"イベント
LIMITED","このカードは、自分の手札がこのカードを含まずに6枚以下でなければ使えない。

自分のデッキの上から4枚を見る。その中から、〈白上フブキ〉と〈不知火フレア〉と〈角巻わため〉と〈尾丸ポルカ〉を好きな枚数公開し、公開したホロメンを手札に加える。そして残ったカードを好きな順でデッキの下に戻す。

LIMITED：ターンに１枚しか使えない。",エンチャントレガリア,hBP05-077
https://hololive-official-cardgame.com/cardlist/?id=1268&%2Fcardlist%2Fcardsearch_ex=&keyword=&attribute%5B0%5D=all&expansion_name=&card_kind%5B0%5D=%E3%82%B5%E3%83%9D%E3%83%BC%E3%83%88&rare%5B0%5D=all&bloom_level%5B0%5D=all&parallel%5B0%5D=normal&view=text,晩酌配信,サポート,"イベント
LIMITED","このカードは、自分の手札がこのカードを含まずに6枚以下でなければ使えない。

自分のデッキの上から4枚を見る。その中から、#お酒を持つホロメンを好きな枚数公開し、公開したホロメンを手札に加える。そして残ったカードを好きな順でデッキの下に戻す。

LIMITED：ターンに１枚しか使えない。",エンチャントレガリア,hBP05-078
https://hololive-official-cardgame.com/cardlist/?id=1269&%2Fcardlist%2Fcardsearch_ex=&keyword=&attribute%5B0%5D=all&expansion_name=&card_kind%5B0%5D=%E3%82%B5%E3%83%9D%E3%83%BC%E3%83%88&rare%5B0%5D=all&bloom_level%5B0%5D=all&parallel%5B0%5D=normal&view=text,み俺恥,サポート,"イベント
LIMITED","自分のデッキを2枚引く。その後、直前の相手のターンに自分のホロメンがダウンしていて、自分のライフが相手のライフより少ないなら、アーカイブのエール1枚を自分のホロメン1人に送る。

LIMITED：ターンに１枚しか使えない。",エンチャントレガリア,hBP05-079
https://hololive-official-cardgame.com/cardlist/?id=1270&%2Fcardlist%2Fcardsearch_ex=&keyword=&attribute%5B0%5D=all&expansion_name=&card_kind%5B0%5D=%E3%82%B5%E3%83%9D%E3%83%BC%E3%83%88&rare%5B0%5D=all&bloom_level%5B0%5D=all&parallel%5B0%5D=normal&view=text,SorAZセレブレーション,サポート,"イベント
LIMITED","自分のデッキを2枚引く。その後、自分のデッキの上から5枚を見る。その中から、1stホロメン1枚を公開し、手札に加える。そして残ったカードを好きな順でデッキの下に戻す。

LIMITED：ターンに１枚しか使えない。",エンチャントレガリア,hBP05-080
https://hololive-official-cardgame.com/cardlist/?id=1271&%2Fcardlist%2Fcardsearch_ex=&keyword=&attribute%5B0%5D=all&expansion_name=&card_kind%5B0%5D=%E3%82%B5%E3%83%9D%E3%83%BC%E3%83%88&rare%5B0%5D=all&bloom_level%5B0%5D=all&parallel%5B0%5D=normal&view=text,白銀ノエルのメイス,サポート,ツール,"このツールが付いているホロメンのアーツ+10。

◆1st以上の〈白銀ノエル〉に付いていたら能力追加
このツールが付いているホロメンにエールが3枚以上付いている間、このホロメンのアーツ+20。

ツールは、自分のホロメン1人につき1枚だけ付けられる。",エンチャントレガリア,hBP05-081
https://hololive-official-cardgame.com/cardlist/?id=1272&%2Fcardlist%2Fcardsearch_ex=&keyword=&attribute%5B0%5D=all&expansion_name=&card_kind%5B0%5D=%E3%82%B5%E3%83%9D%E3%83%BC%E3%83%88&rare%5B0%5D=all&bloom_level%5B0%5D=all&parallel%5B0%5D=normal&view=text,アキ・ローゼンタールの斧,サポート,ツール,"このカードは、自分の手札1枚か自分のステージの〈石の斧〉1枚をアーカイブしなければ使えない。

このツールが付いているホロメンのアーツ+10。

◆2nd以上の〈アキ・ローゼンタール〉に付いていたら能力追加
このツールが付いているホロメンのアーツ+40。

ツールは、自分のホロメン1人につき1枚だけ付けられる。",エンチャントレガリア,hBP05-082
https://hololive-official-cardgame.com/cardlist/?id=1273&%2Fcardlist%2Fcardsearch_ex=&keyword=&attribute%5B0%5D=all&expansion_name=&card_kind%5B0%5D=%E3%82%B5%E3%83%9D%E3%83%BC%E3%83%88&rare%5B0%5D=all&bloom_level%5B0%5D=all&parallel%5B0%5D=normal&view=text,ネリッサ・レイヴンクロフトの杖,サポート,ツール,"このツールが付いているホロメンのアーツ+10。

◆2nd以上の〈ネリッサ・レイヴンクロフト〉に付いていたら能力追加
[センターポジション・コラボポジション限定][ターンに1回]このツールが付いているホロメンの能力で自分の手札をアーカイブした時、相手のセンターホロメンかコラボホロメンに特殊ダメージ20を与える。

ツールは、自分のホロメン1人につき1枚だけ付けられる。",エンチャントレガリア,hBP05-083
https://hololive-official-cardgame.com/cardlist/?id=1274&%2Fcardlist%2Fcardsearch_ex=&keyword=&attribute%5B0%5D=all&expansion_name=&card_kind%5B0%5D=%E3%82%B5%E3%83%9D%E3%83%BC%E3%83%88&rare%5B0%5D=all&bloom_level%5B0%5D=all&parallel%5B0%5D=normal&view=text,角巻わためのハープ,サポート,ツール,"このツールが付いているホロメンのアーツ+10。

◆2nd以上の〈角巻わため〉に付いていたら能力追加
■自分のステージに〈わためいと〉がある間、このツールが付いているホロメンのアーツ+10。
■このツールが付いているホロメンがアーツを使った時、自分のアーカイブのエール1枚を自分の〈角巻わため〉に送れる。

ツールは、自分のホロメン1人につき1枚だけ付けられる。",エンチャントレガリア,hBP05-084
https://hololive-official-cardgame.com/cardlist/?id=1275&%2Fcardlist%2Fcardsearch_ex=&keyword=&attribute%5B0%5D=all&expansion_name=&card_kind%5B0%5D=%E3%82%B5%E3%83%9D%E3%83%BC%E3%83%88&rare%5B0%5D=all&bloom_level%5B0%5D=all&parallel%5B0%5D=normal&view=text,みこだにぇー,サポート,マスコット,"このマスコットが付いているホロメンのHP+10。

◆〈さくらみこ〉に付いていたら能力追加
相手のターンで、このマスコットが付いているホロメンがダウンした時、相手は、自身の手札1枚をアーカイブする。

マスコットは、自分のホロメン1人につき1枚だけ付けられる。",エンチャントレガリア,hBP05-085
https://hololive-official-cardgame.com/cardlist/?id=1276&%2Fcardlist%2Fcardsearch_ex=&keyword=&attribute%5B0%5D=all&expansion_name=&card_kind%5B0%5D=%E3%82%B5%E3%83%9D%E3%83%BC%E3%83%88&rare%5B0%5D=all&bloom_level%5B0%5D=all&parallel%5B0%5D=normal&view=text,Cilus,サポート,マスコット,"このマスコットが付いているホロメンのHP+20。

◆〈こぼ・かなえる〉に付いていたら能力追加
[センターポジション限定][ターンに1回]相手のバックホロメンがダウンした時、自分のデッキを1枚引く。

マスコットは、自分のホロメン1人につき1枚だけ付けられる。",エンチャントレガリア,hBP05-086
https://hololive-official-cardgame.com/cardlist/?id=1277&%2Fcardlist%2Fcardsearch_ex=&keyword=&attribute%5B0%5D=all&expansion_name=&card_kind%5B0%5D=%E3%82%B5%E3%83%9D%E3%83%BC%E3%83%88&rare%5B0%5D=all&bloom_level%5B0%5D=all&parallel%5B0%5D=normal&view=text,Jailbird,サポート,ファン,"相手のターンで、このファンが付いているホロメンがダウンした時、このホロメンのエール1枚を自分の他の#歌を持つホロメンに付け替えられる。

このファンは、自分の〈ネリッサ・レイヴンクロフト〉だけに付けられ、1人につき何枚でも付けられる。",エンチャントレガリア,hBP05-087
https://hololive-official-cardgame.com/cardlist/?id=952&%2Fcardlist%2Fcardsearch_ex=&keyword=&attribute%5B0%5D=all&expansion_name=&card_kind%5B0%5D=%E3%82%B5%E3%83%9D%E3%83%BC%E3%83%88&rare%5B0%5D=all&bloom_level%5B0%5D=all&parallel%5B0%5D=normal&view=text,ツートンカラーパソコン,サポート,"アイテム
LIMITED","このカードは、自分のステージに色が1色で異なる色のホロメンが2人以上いなければ使えない。

自分のステージの色が1色で異なる色のホロメン2人を選ぶ。自分のデッキから、Buzz以外のそれぞれ選んだホロメンと同色の1stホロメン1枚ずつを公開し、手札に加える。そしてデッキをシャッフルする。

LIMITED：ターンに１枚しか使えない。",キュリアスユニバース,hBP04-089
https://hololive-official-cardgame.com/cardlist/?id=953&%2Fcardlist%2Fcardsearch_ex=&keyword=&attribute%5B0%5D=all&expansion_name=&card_kind%5B0%5D=%E3%82%B5%E3%83%9D%E3%83%BC%E3%83%88&rare%5B0%5D=all&bloom_level%5B0%5D=all&parallel%5B0%5D=normal&view=text,作業用パソコン,サポート,"アイテム
LIMITED","このカードは、自分の手札がこのカードを含まずに6枚以下でなければ使えない。

自分のデッキの上から4枚を見る。その中から、ホロメン1枚と[ツールかマスコットかファン]1枚を公開し、公開したカードを手札に加える。そして残ったカードを好きな順でデッキの下に戻す。

LIMITED：ターンに１枚しか使えない。",キュリアスユニバース,hBP04-090
https://hololive-official-cardgame.com/cardlist/?id=954&%2Fcardlist%2Fcardsearch_ex=&keyword=&attribute%5B0%5D=all&expansion_name=&card_kind%5B0%5D=%E3%82%B5%E3%83%9D%E3%83%BC%E3%83%88&rare%5B0%5D=all&bloom_level%5B0%5D=all&parallel%5B0%5D=normal&view=text,限界飯,サポート,イベント,ブースターパック「キュリアスユニバース」,キュリアスユニバース,hBP04-091
https://hololive-official-cardgame.com/cardlist/?id=955&%2Fcardlist%2Fcardsearch_ex=&keyword=&attribute%5B0%5D=all&expansion_name=&card_kind%5B0%5D=%E3%82%B5%E3%83%9D%E3%83%BC%E3%83%88&rare%5B0%5D=all&bloom_level%5B0%5D=all&parallel%5B0%5D=normal&view=text,ねぽらぼ,サポート,"イベント
LIMITED","このカードは、自分の手札がこのカードを含まずに6枚以下でなければ使えない。

自分のデッキの上から4枚を見る。その中から、#5期生を持つホロメンを好きな枚数公開し、公開したホロメンを手札に加える。そして残ったカードを好きな順でデッキの下に戻す。

LIMITED：ターンに１枚しか使えない。",キュリアスユニバース,hBP04-092
https://hololive-official-cardgame.com/cardlist/?id=956&%2Fcardlist%2Fcardsearch_ex=&keyword=&attribute%5B0%5D=all&expansion_name=&card_kind%5B0%5D=%E3%82%B5%E3%83%9D%E3%83%BC%E3%83%88&rare%5B0%5D=all&bloom_level%5B0%5D=all&parallel%5B0%5D=normal&view=text,ホロライブ2期生,サポート,"イベント
LIMITED","このカードは、自分の手札がこのカードを含まずに6枚以下でなければ使えない。

自分のデッキの上から4枚を見る。その中から、#2期生を持つホロメンを好きな枚数公開し、公開したホロメンを手札に加える。そして残ったカードを好きな順でデッキの下に戻す。

LIMITED：ターンに１枚しか使えない。",キュリアスユニバース,hBP04-093
https://hololive-official-cardgame.com/cardlist/?id=957&%2Fcardlist%2Fcardsearch_ex=&keyword=&attribute%5B0%5D=all&expansion_name=&card_kind%5B0%5D=%E3%82%B5%E3%83%9D%E3%83%BC%E3%83%88&rare%5B0%5D=all&bloom_level%5B0%5D=all&parallel%5B0%5D=normal&view=text,まいたけダンス,サポート,イベント,ブースターパック「キュリアスユニバース」,キュリアスユニバース,hBP04-094
https://hololive-official-cardgame.com/cardlist/?id=958&%2Fcardlist%2Fcardsearch_ex=&keyword=&attribute%5B0%5D=all&expansion_name=&card_kind%5B0%5D=%E3%82%B5%E3%83%9D%E3%83%BC%E3%83%88&rare%5B0%5D=all&bloom_level%5B0%5D=all&parallel%5B0%5D=normal&view=text,マスコットキャッチャー,サポート,"イベント
LIMITED","自分のデッキから、マスコット1枚を公開し、手札に加える。そしてデッキをシャッフルする。

LIMITED：ターンに１枚しか使えない。",キュリアスユニバース,hBP04-095
https://hololive-official-cardgame.com/cardlist/?id=961&%2Fcardlist%2Fcardsearch_ex=&keyword=&attribute%5B0%5D=all&expansion_name=&card_kind%5B0%5D=%E3%82%B5%E3%83%9D%E3%83%BC%E3%83%88&rare%5B0%5D=all&bloom_level%5B0%5D=all&parallel%5B0%5D=normal&view=text,緑の試験管,サポート,ツール,ブースターパック「キュリアスユニバース」,キュリアスユニバース,hBP04-097
https://hololive-official-cardgame.com/cardlist/?id=962&%2Fcardlist%2Fcardsearch_ex=&keyword=&attribute%5B0%5D=all&expansion_name=&card_kind%5B0%5D=%E3%82%B5%E3%83%9D%E3%83%BC%E3%83%88&rare%5B0%5D=all&bloom_level%5B0%5D=all&parallel%5B0%5D=normal&view=text,鍛冶ハンマー,サポート,ツール,ブースターパック「キュリアスユニバース」,キュリアスユニバース,hBP04-098
https://hololive-official-cardgame.com/cardlist/?id=963&%2Fcardlist%2Fcardsearch_ex=&keyword=&attribute%5B0%5D=all&expansion_name=&card_kind%5B0%5D=%E3%82%B5%E3%83%9D%E3%83%BC%E3%83%88&rare%5B0%5D=all&bloom_level%5B0%5D=all&parallel%5B0%5D=normal&view=text,古代武器,サポート,ツール,"相手のターンで、このツールが付いているホロメンがダウンした時、自分の手札1枚をアーカイブできる：このツールを手札に戻す。

◆1st以上の〈アーニャ・メルフィッサ〉に付いていたら能力追加
自分のステージの〈古代武器〉1枚につき、このツールが付いているホロメンのアーツ+10。

ツールは、自分のホロメン1人につき1枚だけ付けられる。",キュリアスユニバース,hBP04-099
https://hololive-official-cardgame.com/cardlist/?id=964&%2Fcardlist%2Fcardsearch_ex=&keyword=&attribute%5B0%5D=all&expansion_name=&card_kind%5B0%5D=%E3%82%B5%E3%83%9D%E3%83%BC%E3%83%88&rare%5B0%5D=all&bloom_level%5B0%5D=all&parallel%5B0%5D=normal&view=text,ココロ,サポート,マスコット,ブースターパック「キュリアスユニバース」,キュリアスユニバース,hBP04-100
https://hololive-official-cardgame.com/cardlist/?id=965&%2Fcardlist%2Fcardsearch_ex=&keyword=&attribute%5B0%5D=all&expansion_name=&card_kind%5B0%5D=%E3%82%B5%E3%83%9D%E3%83%BC%E3%83%88&rare%5B0%5D=all&bloom_level%5B0%5D=all&parallel%5B0%5D=normal&view=text,だいふく,サポート,マスコット,"このマスコットが付いているホロメンのアーツ+10。

◆〈雪花ラミィ〉に付いていたら能力追加
このマスコットが付いているホロメンのHP+20。

マスコットは、自分のホロメン1人につき1枚だけ付けられる。",キュリアスユニバース,hBP04-101
https://hololive-official-cardgame.com/cardlist/?id=966&%2Fcardlist%2Fcardsearch_ex=&keyword=&attribute%5B0%5D=all&expansion_name=&card_kind%5B0%5D=%E3%82%B5%E3%83%9D%E3%83%BC%E3%83%88&rare%5B0%5D=all&bloom_level%5B0%5D=all&parallel%5B0%5D=normal&view=text,やめなー,サポート,マスコット,"このマスコットが付いているホロメンのアーツ+10。

◆#5期生を持つ1st以上のホロメンに付いていたら能力追加
[バックポジション限定]このマスコットが付いているホロメンは相手からダメージを受けない。

マスコットは、自分のホロメン1人につき1枚だけ付けられる。",キュリアスユニバース,hBP04-102
https://hololive-official-cardgame.com/cardlist/?id=967&%2Fcardlist%2Fcardsearch_ex=&keyword=&attribute%5B0%5D=all&expansion_name=&card_kind%5B0%5D=%E3%82%B5%E3%83%9D%E3%83%BC%E3%83%88&rare%5B0%5D=all&bloom_level%5B0%5D=all&parallel%5B0%5D=normal&view=text,カラス,サポート,マスコット,"このマスコットが付いているホロメンのアーツ+10。

◆〈ラプラス・ダークネス〉に付いていたら能力追加
[コラボポジション限定][ターンに1回]自分のメインステップで、サイコロを1回振れる：奇数の時、このマスコットが付いているホロメンをバックポジションに移動する。

マスコットは、自分のホロメン1人につき1枚だけ付けられる。",キュリアスユニバース,hBP04-103
https://hololive-official-cardgame.com/cardlist/?id=968&%2Fcardlist%2Fcardsearch_ex=&keyword=&attribute%5B0%5D=all&expansion_name=&card_kind%5B0%5D=%E3%82%B5%E3%83%9D%E3%83%BC%E3%83%88&rare%5B0%5D=all&bloom_level%5B0%5D=all&parallel%5B0%5D=normal&view=text,スバルドダック,サポート,マスコット,"このマスコットが付いているホロメンのHP+20。

◆〈大空スバル〉に付いていたら能力追加
お互いのステージのエールが合計10枚以上ある間、このマスコットが付いているホロメンのアーツ+20。

マスコットは、自分のホロメン1人につき1枚だけ付けられる。",キュリアスユニバース,hBP04-104
https://hololive-official-cardgame.com/cardlist/?id=969&%2Fcardlist%2Fcardsearch_ex=&keyword=&attribute%5B0%5D=all&expansion_name=&card_kind%5B0%5D=%E3%82%B5%E3%83%9D%E3%83%BC%E3%83%88&rare%5B0%5D=all&bloom_level%5B0%5D=all&parallel%5B0%5D=normal&view=text,こよりの助手くん,サポート,ファン,ブースターパック「キュリアスユニバース」,キュリアスユニバース,hBP04-105
https://hololive-official-cardgame.com/cardlist/?id=970&%2Fcardlist%2Fcardsearch_ex=&keyword=&attribute%5B0%5D=all&expansion_name=&card_kind%5B0%5D=%E3%82%B5%E3%83%9D%E3%83%BC%E3%83%88&rare%5B0%5D=all&bloom_level%5B0%5D=all&parallel%5B0%5D=normal&view=text,雪民,サポート,ファン,"このファンが付いているホロメンが、相手のセンターホロメンに与える特殊ダメージ+10。

このファンは、自分の〈雪花ラミィ〉だけに付けられ、1人につき何枚でも付けられる。",キュリアスユニバース,hBP04-106
https://hololive-official-cardgame.com/cardlist/?id=648&%2Fcardlist%2Fcardsearch_ex=&keyword=&attribute%5B0%5D=all&expansion_name=&card_kind%5B0%5D=%E3%82%B5%E3%83%9D%E3%83%BC%E3%83%88&rare%5B0%5D=all&bloom_level%5B0%5D=all&parallel%5B0%5D=normal&view=text,ゴージャスパソコン,サポート,"アイテム
LIMITED","このカードは、自分のホロパワー1枚をアーカイブしなければ使えない。

自分のデッキから、自分の推しホロメンと同色の1stホロメン1枚を公開し、手札に加える。そしてデッキをシャッフルする。

LIMITED：ターンに１枚しか使えない。",エリートスパーク,hBP03-084
https://hololive-official-cardgame.com/cardlist/?id=649&%2Fcardlist%2Fcardsearch_ex=&keyword=&attribute%5B0%5D=all&expansion_name=&card_kind%5B0%5D=%E3%82%B5%E3%83%9D%E3%83%BC%E3%83%88&rare%5B0%5D=all&bloom_level%5B0%5D=all&parallel%5B0%5D=normal&view=text,スーパーパソコン,サポート,"アイテム
LIMITED","自分のデッキの上から4枚を見る。その中から、[Debutホロメンと1stホロメン]1枚ずつを公開し、公開したホロメンを手札に加える。そして残ったカードを好きな順でデッキの下に戻す。

LIMITED：ターンに１枚しか使えない。",エリートスパーク,hBP03-085
https://hololive-official-cardgame.com/cardlist/?id=650&%2Fcardlist%2Fcardsearch_ex=&keyword=&attribute%5B0%5D=all&expansion_name=&card_kind%5B0%5D=%E3%82%B5%E3%83%9D%E3%83%BC%E3%83%88&rare%5B0%5D=all&bloom_level%5B0%5D=all&parallel%5B0%5D=normal&view=text,デュアルモニターパソコン,サポート,"アイテム
LIMITED","自分のデッキから、エクストラ「このホロメンはデッキに何枚でも入れられる」を持つDebutホロメン1～2枚を公開し、ステージに出す。そしてデッキをシャッフルする。

LIMITED：ターンに１枚しか使えない。",エリートスパーク,hBP03-086
https://hololive-official-cardgame.com/cardlist/?id=651&%2Fcardlist%2Fcardsearch_ex=&keyword=&attribute%5B0%5D=all&expansion_name=&card_kind%5B0%5D=%E3%82%B5%E3%83%9D%E3%83%BC%E3%83%88&rare%5B0%5D=all&bloom_level%5B0%5D=all&parallel%5B0%5D=normal&view=text,コールアンドレスポンス,サポート,イベント,自分のステージのエール1枚を、自分のホロメンに付け替える。,エリートスパーク,hBP03-087
https://hololive-official-cardgame.com/cardlist/?id=653&%2Fcardlist%2Fcardsearch_ex=&keyword=&attribute%5B0%5D=all&expansion_name=&card_kind%5B0%5D=%E3%82%B5%E3%83%9D%E3%83%BC%E3%83%88&rare%5B0%5D=all&bloom_level%5B0%5D=all&parallel%5B0%5D=normal&view=text,ファンミーティング,サポート,"イベント
LIMITED","自分のデッキから、ファン1枚を公開し、手札に加える。そしてデッキをシャッフルする。

LIMITED：ターンに１枚しか使えない。",エリートスパーク,hBP03-089
https://hololive-official-cardgame.com/cardlist/?id=654&%2Fcardlist%2Fcardsearch_ex=&keyword=&attribute%5B0%5D=all&expansion_name=&card_kind%5B0%5D=%E3%82%B5%E3%83%9D%E3%83%BC%E3%83%88&rare%5B0%5D=all&bloom_level%5B0%5D=all&parallel%5B0%5D=normal&view=text,ホロライブ言えるかな？,サポート,イベント,自分のデッキの上から4枚を見る。その中から、Debutホロメンを好きな枚数公開し、公開したホロメンを手札に加える。そして残ったカードを好きな順でデッキの下に戻す。,エリートスパーク,hBP03-090
https://hololive-official-cardgame.com/cardlist/?id=655&%2Fcardlist%2Fcardsearch_ex=&keyword=&attribute%5B0%5D=all&expansion_name=&card_kind%5B0%5D=%E3%82%B5%E3%83%9D%E3%83%BC%E3%83%88&rare%5B0%5D=all&bloom_level%5B0%5D=all&parallel%5B0%5D=normal&view=text,ホロライブインドネシア1期生,サポート,"イベント
LIMITED","このカードは、自分の手札がこのカードを含まずに6枚以下でなければ使えない。

自分のデッキの上から4枚を見る。その中から、#ID1期生を持つホロメンを好きな枚数公開し、公開したホロメンを手札に加える。そして残ったカードを好きな順でデッキの下に戻す。

LIMITED：ターンに１枚しか使えない。",エリートスパーク,hBP03-091
https://hololive-official-cardgame.com/cardlist/?id=656&%2Fcardlist%2Fcardsearch_ex=&keyword=&attribute%5B0%5D=all&expansion_name=&card_kind%5B0%5D=%E3%82%B5%E3%83%9D%E3%83%BC%E3%83%88&rare%5B0%5D=all&bloom_level%5B0%5D=all&parallel%5B0%5D=normal&view=text,ホロライブ0期生,サポート,"イベント
LIMITED","このカードは、自分の手札がこのカードを含まずに6枚以下でなければ使えない。

自分のデッキの上から4枚を見る。その中から、#0期生を持つホロメンを好きな枚数公開し、公開したホロメンを手札に加える。そして残ったカードを好きな順でデッキの下に戻す。

LIMITED：ターンに１枚しか使えない。",エリートスパーク,hBP03-092
https://hololive-official-cardgame.com/cardlist/?id=657&%2Fcardlist%2Fcardsearch_ex=&keyword=&attribute%5B0%5D=all&expansion_name=&card_kind%5B0%5D=%E3%82%B5%E3%83%9D%E3%83%BC%E3%83%88&rare%5B0%5D=all&bloom_level%5B0%5D=all&parallel%5B0%5D=normal&view=text,ホロライブ4期生,サポート,"イベント
LIMITED","このカードは、自分の手札がこのカードを含まずに6枚以下でなければ使えない。

自分のデッキの上から4枚を見る。その中から、#4期生を持つホロメンを好きな枚数公開し、公開したホロメンを手札に加える。そして残ったカードを好きな順でデッキの下に戻す。

LIMITED：ターンに１枚しか使えない。",エリートスパーク,hBP03-093
https://hololive-official-cardgame.com/cardlist/?id=658&%2Fcardlist%2Fcardsearch_ex=&keyword=&attribute%5B0%5D=all&expansion_name=&card_kind%5B0%5D=%E3%82%B5%E3%83%9D%E3%83%BC%E3%83%88&rare%5B0%5D=all&bloom_level%5B0%5D=all&parallel%5B0%5D=normal&view=text,FPS配信,サポート,"イベント
LIMITED","このカードは、自分の手札がこのカードを含まずに6枚以下でなければ使えない。

自分のデッキの上から4枚を見る。その中から、#シューターを持つホロメンを好きな枚数公開し、公開したホロメンを手札に加える。そして残ったカードを好きな順でデッキの下に戻す。

LIMITED：ターンに１枚しか使えない。",エリートスパーク,hBP03-094
https://hololive-official-cardgame.com/cardlist/?id=659&%2Fcardlist%2Fcardsearch_ex=&keyword=&attribute%5B0%5D=all&expansion_name=&card_kind%5B0%5D=%E3%82%B5%E3%83%9D%E3%83%BC%E3%83%88&rare%5B0%5D=all&bloom_level%5B0%5D=all&parallel%5B0%5D=normal&view=text,ホロキャップ,サポート,ツール,"◆DebutホロメンかSpotホロメンに付いていたら能力追加
■このツールが付いているホロメンのHP+30。
■このツールが付いているホロメンは相手から特殊ダメージを受けない。

ツールは、自分のホロメン1人につき1枚だけ付けられる。",エリートスパーク,hBP03-095
https://hololive-official-cardgame.com/cardlist/?id=660&%2Fcardlist%2Fcardsearch_ex=&keyword=&attribute%5B0%5D=all&expansion_name=&card_kind%5B0%5D=%E3%82%B5%E3%83%9D%E3%83%BC%E3%83%88&rare%5B0%5D=all&bloom_level%5B0%5D=all&parallel%5B0%5D=normal&view=text,ライフル,サポート,ツール,"このツールが付いているホロメンのアーツ+10。

◆#シューターを持つ1st以上のホロメンに付いていたら能力追加
このツールが付いているホロメンが、相手のホロメン1人に与える特殊ダメージ+10。

ツールは、自分のホロメン1人につき1枚だけ付けられる。",エリートスパーク,hBP03-096
https://hololive-official-cardgame.com/cardlist/?id=661&%2Fcardlist%2Fcardsearch_ex=&keyword=&attribute%5B0%5D=all&expansion_name=&card_kind%5B0%5D=%E3%82%B5%E3%83%9D%E3%83%BC%E3%83%88&rare%5B0%5D=all&bloom_level%5B0%5D=all&parallel%5B0%5D=normal&view=text,リコーダー,サポート,ツール,"このツールが付いているホロメンのアーツ+10。

◆1st以上の〈音乃瀬奏〉に付いていたら能力追加
このツールが付いているホロメンが相手のホロメンをダウンさせた時、自分のデッキを1枚引く。

ツールは、自分のホロメン1人につき1枚だけ付けられる。",エリートスパーク,hBP03-097
https://hololive-official-cardgame.com/cardlist/?id=662&%2Fcardlist%2Fcardsearch_ex=&keyword=&attribute%5B0%5D=all&expansion_name=&card_kind%5B0%5D=%E3%82%B5%E3%83%9D%E3%83%BC%E3%83%88&rare%5B0%5D=all&bloom_level%5B0%5D=all&parallel%5B0%5D=normal&view=text,金時,サポート,マスコット,"このマスコットが付いているホロメンのHP+20。

◆〈さくらみこ〉に付いていたら能力追加
このマスコットが付いているホロメンがコラボした時、自分のデッキを1枚引く。

マスコットは、自分のホロメン1人につき1枚だけ付けられる。",エリートスパーク,hBP03-098
https://hololive-official-cardgame.com/cardlist/?id=663&%2Fcardlist%2Fcardsearch_ex=&keyword=&attribute%5B0%5D=all&expansion_name=&card_kind%5B0%5D=%E3%82%B5%E3%83%9D%E3%83%BC%E3%83%88&rare%5B0%5D=all&bloom_level%5B0%5D=all&parallel%5B0%5D=normal&view=text,マグチ,サポート,マスコット,"このマスコットが付いているホロメンのアーツ+10。

◆〈さくらみこ〉に付いていたら能力追加
このマスコットが付いているホロメンがコラボした時、このターンの間、自分のセンターホロメンの〈さくらみこ〉のアーツ+10。

マスコットは、自分のホロメン1人につき1枚だけ付けられる。",エリートスパーク,hBP03-099
https://hololive-official-cardgame.com/cardlist/?id=664&%2Fcardlist%2Fcardsearch_ex=&keyword=&attribute%5B0%5D=all&expansion_name=&card_kind%5B0%5D=%E3%82%B5%E3%83%9D%E3%83%BC%E3%83%88&rare%5B0%5D=all&bloom_level%5B0%5D=all&parallel%5B0%5D=normal&view=text,ペロ,サポート,マスコット,"このマスコットが付いているホロメンのHP+20。

◆〈フワワ・アビスガード〉か〈モココ・アビスガード〉に付いていたら能力追加
このマスコットが付いているホロメンのアーツに必要なエールの色すべてを無色エールにする。

マスコットは、自分のホロメン1人につき1枚だけ付けられる。",エリートスパーク,hBP03-100
https://hololive-official-cardgame.com/cardlist/?id=665&%2Fcardlist%2Fcardsearch_ex=&keyword=&attribute%5B0%5D=all&expansion_name=&card_kind%5B0%5D=%E3%82%B5%E3%83%9D%E3%83%BC%E3%83%88&rare%5B0%5D=all&bloom_level%5B0%5D=all&parallel%5B0%5D=normal&view=text,ビビ,サポート,マスコット,"このマスコットが付いているホロメンのHP+20。

◆〈常闇トワ〉に付いていたら能力追加
このマスコットが付いているホロメンが、相手のホロメン1人に与える特殊ダメージ+10。

マスコットは、自分のホロメン1人につき1枚だけ付けられる。",エリートスパーク,hBP03-101
https://hololive-official-cardgame.com/cardlist/?id=666&%2Fcardlist%2Fcardsearch_ex=&keyword=&attribute%5B0%5D=all&expansion_name=&card_kind%5B0%5D=%E3%82%B5%E3%83%9D%E3%83%BC%E3%83%88&rare%5B0%5D=all&bloom_level%5B0%5D=all&parallel%5B0%5D=normal&view=text,フトイヌ,サポート,マスコット,"このマスコットが付いているホロメンのアーツ+10。

◆〈戌神ころね〉に付いていたら能力追加
このマスコットが付いているホロメンがコラボした時、自分のアーカイブの黄エール1枚をこのホロメンに送れる。

マスコットは、自分のホロメン1人につき1枚だけ付けられる。",エリートスパーク,hBP03-102
https://hololive-official-cardgame.com/cardlist/?id=667&%2Fcardlist%2Fcardsearch_ex=&keyword=&attribute%5B0%5D=all&expansion_name=&card_kind%5B0%5D=%E3%82%B5%E3%83%9D%E3%83%BC%E3%83%88&rare%5B0%5D=all&bloom_level%5B0%5D=all&parallel%5B0%5D=normal&view=text,ホソイヌ,サポート,マスコット,"このマスコットが付いているホロメンのアーツ+10。

◆〈戌神ころね〉に付いていたら能力追加
このマスコットが付いているホロメンがダウンした時、自分のホロパワー1枚をアーカイブできる：このマスコットを手札に戻す。

マスコットは、自分のホロメン1人につき1枚だけ付けられる。",エリートスパーク,hBP03-103
https://hololive-official-cardgame.com/cardlist/?id=668&%2Fcardlist%2Fcardsearch_ex=&keyword=&attribute%5B0%5D=all&expansion_name=&card_kind%5B0%5D=%E3%82%B5%E3%83%9D%E3%83%BC%E3%83%88&rare%5B0%5D=all&bloom_level%5B0%5D=all&parallel%5B0%5D=normal&view=text,Riscot,サポート,マスコット,"このマスコットが付いているホロメンのアーツ+10。

◆〈アユンダ・リス〉に付いていたら能力追加
このマスコットが付いているホロメンがコラボした時、自分のステージのエール1枚を、このホロメンに付け替えられる。

マスコットは、自分のホロメン1人につき1枚だけ付けられる。",エリートスパーク,hBP03-104
https://hololive-official-cardgame.com/cardlist/?id=670&%2Fcardlist%2Fcardsearch_ex=&keyword=&attribute%5B0%5D=all&expansion_name=&card_kind%5B0%5D=%E3%82%B5%E3%83%9D%E3%83%BC%E3%83%88&rare%5B0%5D=all&bloom_level%5B0%5D=all&parallel%5B0%5D=normal&view=text,SSRB,サポート,ファン,"このファンが付いているホロメンの能力でエールをアーカイブする時、アーカイブするエール1枚のかわりに、このファンをアーカイブできる。

このファンは、自分の〈獅白ぼたん〉だけに付けられ、1人につき何枚でも付けられる。",エリートスパーク,hBP03-106
https://hololive-official-cardgame.com/cardlist/?id=671&%2Fcardlist%2Fcardsearch_ex=&keyword=&attribute%5B0%5D=all&expansion_name=&card_kind%5B0%5D=%E3%82%B5%E3%83%9D%E3%83%BC%E3%83%88&rare%5B0%5D=all&bloom_level%5B0%5D=all&parallel%5B0%5D=normal&view=text,35P,サポート,ファン,"■このファンが付いているホロメンがアーツを使う時、このファンを赤エールとしても扱う。
■このファンが付いているホロメンがダウンした時、相手は、自身のデッキを1枚引ける。

このファンは、自分の〈さくらみこ〉だけに付けられ、1人につき何枚でも付けられる。",エリートスパーク,hBP03-107
https://hololive-official-cardgame.com/cardlist/?id=672&%2Fcardlist%2Fcardsearch_ex=&keyword=&attribute%5B0%5D=all&expansion_name=&card_kind%5B0%5D=%E3%82%B5%E3%83%9D%E3%83%BC%E3%83%88&rare%5B0%5D=all&bloom_level%5B0%5D=all&parallel%5B0%5D=normal&view=text,はあとん,サポート,ファン,ブースターパック「エリートスパーク」,エリートスパーク,hBP03-108
https://hololive-official-cardgame.com/cardlist/?id=673&%2Fcardlist%2Fcardsearch_ex=&keyword=&attribute%5B0%5D=all&expansion_name=&card_kind%5B0%5D=%E3%82%B5%E3%83%9D%E3%83%BC%E3%83%88&rare%5B0%5D=all&bloom_level%5B0%5D=all&parallel%5B0%5D=normal&view=text,Ruffians,サポート,ファン,"相手のターンで、このファンが付いているホロメンがダウンした時、自分のアーカイブの青エール1枚を、自分の〈フワワ・アビスガード〉に送れる。

このファンは、自分の〈フワワ・アビスガード〉か〈モココ・アビスガード〉だけに付けられ、1人につき何枚でも付けられる。",エリートスパーク,hBP03-109
https://hololive-official-cardgame.com/cardlist/?id=675&%2Fcardlist%2Fcardsearch_ex=&keyword=&attribute%5B0%5D=all&expansion_name=&card_kind%5B0%5D=%E3%82%B5%E3%83%9D%E3%83%BC%E3%83%88&rare%5B0%5D=all&bloom_level%5B0%5D=all&parallel%5B0%5D=normal&view=text,ころねすきー,サポート,ファン,"このファンが付いているホロメンのバトンタッチに必要な無色エール-1。

このファンは、自分の〈戌神ころね〉だけに付けられ、1人につき何枚でも付けられる。",エリートスパーク,hBP03-111
https://hololive-official-cardgame.com/cardlist/?id=677&%2Fcardlist%2Fcardsearch_ex=&keyword=&attribute%5B0%5D=all&expansion_name=&card_kind%5B0%5D=%E3%82%B5%E3%83%9D%E3%83%BC%E3%83%88&rare%5B0%5D=all&bloom_level%5B0%5D=all&parallel%5B0%5D=normal&view=text,Risuners,サポート,ファン,"[ターンに1回]このファンが付いているホロメンにエールが付いた時、このターンの間、このホロメンのアーツ+10。

このファンは、自分の〈アユンダ・リス〉だけに付けられ、1人につき何枚でも付けられる。",エリートスパーク,hBP03-113
https://hololive-official-cardgame.com/cardlist/?id=559&%2Fcardlist%2Fcardsearch_ex=&keyword=&attribute%5B0%5D=all&expansion_name=&card_kind%5B0%5D=%E3%82%B5%E3%83%9D%E3%83%BC%E3%83%88&rare%5B0%5D=all&bloom_level%5B0%5D=all&parallel%5B0%5D=normal&view=text,不知火建設,サポート,"イベント
LIMITED","このカードは、自分の手札がこのカードを含まずに6枚以下でなければ使えない。

自分のデッキの上から4枚を見る。その中から、〈不知火フレア〉と〈尾丸ポルカ〉と〈さくらみこ〉と〈星街すいせい〉と〈白銀ノエル〉を好きな枚数公開し、公開したホロメンを手札に加える。そして残ったカードを好きな順でデッキの下に戻す。

LIMITED：ターンに１枚しか使えない。",スタートデッキ 黄 不知火フレア,hSD07-014
https://hololive-official-cardgame.com/cardlist/?id=560&%2Fcardlist%2Fcardsearch_ex=&keyword=&attribute%5B0%5D=all&expansion_name=&card_kind%5B0%5D=%E3%82%B5%E3%83%9D%E3%83%BC%E3%83%88&rare%5B0%5D=all&bloom_level%5B0%5D=all&parallel%5B0%5D=normal&view=text,エルフレンド,サポート,ファン,"このファンが付いているホロメンのHP+10。

このファンは、自分の〈不知火フレア〉だけに付けられ、1人につき何枚でも付けられる。",スタートデッキ 黄 不知火フレア,hSD07-015
https://hololive-official-cardgame.com/cardlist/?id=544&%2Fcardlist%2Fcardsearch_ex=&keyword=&attribute%5B0%5D=all&expansion_name=&card_kind%5B0%5D=%E3%82%B5%E3%83%9D%E3%83%BC%E3%83%88&rare%5B0%5D=all&bloom_level%5B0%5D=all&parallel%5B0%5D=normal&view=text,ﾁｬｷ丸,サポート,ツール,"このツールが付いているホロメンのアーツ+10。

◆1st以上の〈風真いろは〉に付いていたら能力追加
[ターンに1回]相手のターンで、このツールが付いているホロメンがダメージを受けた時、相手のセンターホロメンに特殊ダメージ20を与える。ただし、ダウンしても相手のライフは減らない。

ツールは、自分のホロメン1人につき1枚だけ付けられる。",スタートデッキ 緑 風真いろは,hSD06-011
https://hololive-official-cardgame.com/cardlist/?id=545&%2Fcardlist%2Fcardsearch_ex=&keyword=&attribute%5B0%5D=all&expansion_name=&card_kind%5B0%5D=%E3%82%B5%E3%83%9D%E3%83%BC%E3%83%88&rare%5B0%5D=all&bloom_level%5B0%5D=all&parallel%5B0%5D=normal&view=text,ぽこべぇ,サポート,マスコット,"このマスコットが付いているホロメンのHP+10。

◆〈風真いろは〉に付いていたら能力追加
このマスコットが付いているホロメンのHP+20。

マスコットは、自分のホロメン1人につき1枚だけ付けられる。",スタートデッキ 緑 風真いろは,hSD06-012
https://hololive-official-cardgame.com/cardlist/?id=530&%2Fcardlist%2Fcardsearch_ex=&keyword=&attribute%5B0%5D=all&expansion_name=&card_kind%5B0%5D=%E3%82%B5%E3%83%9D%E3%83%BC%E3%83%88&rare%5B0%5D=all&bloom_level%5B0%5D=all&parallel%5B0%5D=normal&view=text,ReGLOSS,サポート,"イベント
LIMITED","このカードは、自分の手札がこのカードを含まずに６枚以下でなければ使えない。

自分のデッキの上から４枚を見る。その中から、#ReGLOSSを持つホロメンを好きな枚数公開し、公開したホロメンを手札に加える。そして残ったカードを好きな順でデッキの下に戻す。

LIMITED：ターンに１枚しか使えない。",スタートデッキ 白 轟はじめ,hPR-002
https://hololive-official-cardgame.com/cardlist/?id=531&%2Fcardlist%2Fcardsearch_ex=&keyword=&attribute%5B0%5D=all&expansion_name=&card_kind%5B0%5D=%E3%82%B5%E3%83%9D%E3%83%BC%E3%83%88&rare%5B0%5D=all&bloom_level%5B0%5D=all&parallel%5B0%5D=normal&view=text,ばんぺん,サポート,マスコット,"このマスコットが付いているホロメンのアーツ+10。

◆〈轟はじめ〉に付いていたら能力追加
このマスコットが付いているホロメンのHP+20。

マスコットは、自分のホロメン1人につき1枚だけ付けられる。",スタートデッキ 白 轟はじめ,hSD05-014
https://hololive-official-cardgame.com/cardlist/?id=264&%2Fcardlist%2Fcardsearch_ex=&keyword=&attribute%5B0%5D=all&expansion_name=&card_kind%5B0%5D=%E3%82%B5%E3%83%9D%E3%83%BC%E3%83%88&rare%5B0%5D=all&bloom_level%5B0%5D=all&parallel%5B0%5D=normal&view=text,スバちょこルーナ,サポート,"イベント
LIMITED","このカードは、自分の手札がこのカードを含まずに6枚以下でなければ使えない。

自分のデッキの上から4枚を見る。その中から、〈大空スバル〉と〈癒月ちょこ〉と〈姫森ルーナ〉を好きな枚数公開し、公開したホロメンを手札に加える。そして残ったカードを好きな順でデッキの下に戻す。

LIMITED：ターンに１枚しか使えない。",スタートデッキ 紫 癒月ちょこ,hSD04-012
https://hololive-official-cardgame.com/cardlist/?id=265&%2Fcardlist%2Fcardsearch_ex=&keyword=&attribute%5B0%5D=all&expansion_name=&card_kind%5B0%5D=%E3%82%B5%E3%83%9D%E3%83%BC%E3%83%88&rare%5B0%5D=all&bloom_level%5B0%5D=all&parallel%5B0%5D=normal&view=text,ちょこのオムライス,サポート,イベント,スタートデッキ 紫 癒月ちょこ,スタートデッキ 紫 癒月ちょこ,hSD04-013
https://hololive-official-cardgame.com/cardlist/?id=266&%2Fcardlist%2Fcardsearch_ex=&keyword=&attribute%5B0%5D=all&expansion_name=&card_kind%5B0%5D=%E3%82%B5%E3%83%9D%E3%83%BC%E3%83%88&rare%5B0%5D=all&bloom_level%5B0%5D=all&parallel%5B0%5D=normal&view=text,しょこら,サポート,マスコット,"このマスコットが付いているホロメンのHP+20。

◆〈癒月ちょこ〉に付いていたら能力追加
このマスコットが付いているホロメンがBloomした時、このホロメンのHP20回復。

マスコットは、自分のホロメン1人につき1枚だけ付けられる。",スタートデッキ 紫 癒月ちょこ,hSD04-014
https://hololive-official-cardgame.com/cardlist/?id=250&%2Fcardlist%2Fcardsearch_ex=&keyword=&attribute%5B0%5D=all&expansion_name=&card_kind%5B0%5D=%E3%82%B5%E3%83%9D%E3%83%BC%E3%83%88&rare%5B0%5D=all&bloom_level%5B0%5D=all&parallel%5B0%5D=normal&view=text,泥棒建設,サポート,"イベント
LIMITED","このカードは、自分の手札がこのカードを含まずに6枚以下でなければ使えない。

自分のデッキの上から4枚を見る。その中から、〈猫又おかゆ〉と〈鷹嶺ルイ〉と〈大神ミオ〉と〈白上フブキ〉と〈ラプラス・ダークネス〉と〈戌神ころね〉を好きな枚数公開し、公開したホロメンを手札に加える。そして残ったカードを好きな順でデッキの下に戻す。

LIMITED：ターンに１枚しか使えない。",スタートデッキ 青 猫又おかゆ,hSD03-012
https://hololive-official-cardgame.com/cardlist/?id=251&%2Fcardlist%2Fcardsearch_ex=&keyword=&attribute%5B0%5D=all&expansion_name=&card_kind%5B0%5D=%E3%82%B5%E3%83%9D%E3%83%BC%E3%83%88&rare%5B0%5D=all&bloom_level%5B0%5D=all&parallel%5B0%5D=normal&view=text,おかにゃん,サポート,マスコット,"このマスコットが付いているホロメンがセンターポジションかコラボポジションで受けるダメージ-10。

◆〈猫又おかゆ〉に付いていたら能力追加
このマスコットが付いてるホロメンの能力でエールをアーカイブする時、アーカイブする青エール1枚のかわりに、このマスコットをアーカイブできる。

マスコットは、自分のホロメン1人につき1枚だけ付けられる。",スタートデッキ 青 猫又おかゆ,hSD03-013
https://hololive-official-cardgame.com/cardlist/?id=252&%2Fcardlist%2Fcardsearch_ex=&keyword=&attribute%5B0%5D=all&expansion_name=&card_kind%5B0%5D=%E3%82%B5%E3%83%9D%E3%83%BC%E3%83%88&rare%5B0%5D=all&bloom_level%5B0%5D=all&parallel%5B0%5D=normal&view=text,おにぎりゃー,サポート,ファン,"このファンが付いているホロメンのHP+10。

このファンは、自分の〈猫又おかゆ〉だけに付けられ、1人につき何枚でも付けられる。",スタートデッキ 青 猫又おかゆ,hSD03-014
https://hololive-official-cardgame.com/cardlist/?id=236&%2Fcardlist%2Fcardsearch_ex=&keyword=&attribute%5B0%5D=all&expansion_name=&card_kind%5B0%5D=%E3%82%B5%E3%83%9D%E3%83%BC%E3%83%88&rare%5B0%5D=all&bloom_level%5B0%5D=all&parallel%5B0%5D=normal&view=text,いろはにほへっと あやふぶみ,サポート,"イベント
LIMITED","このカードは、自分の手札がこのカードを含まずに6枚以下でなければ使えない。

自分のデッキの上から4枚を見る。その中から、〈白上フブキ〉と〈大神ミオ〉と〈百鬼あやめ〉を好きな枚数公開し、公開したホロメンを手札に加える。そして残ったカードを好きな順でデッキの下に戻す。

LIMITED：ターンに１枚しか使えない。",スタートデッキ 赤 百鬼あやめ,hSD02-012
https://hololive-official-cardgame.com/cardlist/?id=237&%2Fcardlist%2Fcardsearch_ex=&keyword=&attribute%5B0%5D=all&expansion_name=&card_kind%5B0%5D=%E3%82%B5%E3%83%9D%E3%83%BC%E3%83%88&rare%5B0%5D=all&bloom_level%5B0%5D=all&parallel%5B0%5D=normal&view=text,阿修羅＆羅刹,サポート,ツール,"このツールが付いているホロメンのアーツ+10。

◆1st以上の〈百鬼あやめ〉に付いていたら能力追加
このツールが付いているホロメンのアーツ+10。

ツールは、自分のホロメン1人につき1枚だけ付けられる。",スタートデッキ 赤 百鬼あやめ,hSD02-013
https://hololive-official-cardgame.com/cardlist/?id=342&%2Fcardlist%2Fcardsearch_ex=&keyword=&attribute%5B0%5D=all&expansion_name=&card_kind%5B0%5D=%E3%82%B5%E3%83%9D%E3%83%BC%E3%83%88&rare%5B0%5D=all&bloom_level%5B0%5D=all&parallel%5B0%5D=normal&view=text,アイドルサインペン,サポート,"アイテム
LIMITED","このカードは、自分の手札がこのカードを含まずに6枚以下でなければ使えない。

自分のデッキの上から4枚を見る。その中から、#絵を持つホロメンを好きな枚数公開し、公開したホロメンを手札に加える。そして残ったカードを好きな順でデッキの下に戻す。

LIMITED：ターンに１枚しか使えない。",クインテットスペクトラム,hBP02-075
https://hololive-official-cardgame.com/cardlist/?id=345&%2Fcardlist%2Fcardsearch_ex=&keyword=&attribute%5B0%5D=all&expansion_name=&card_kind%5B0%5D=%E3%82%B5%E3%83%9D%E3%83%BC%E3%83%88&rare%5B0%5D=all&bloom_level%5B0%5D=all&parallel%5B0%5D=normal&view=text,かなた建設,サポート,"イベント
LIMITED","このカードは、自分の手札がこのカードを含まずに6枚以下でなければ使えない。

自分のデッキの上から4枚を見る。その中から、〈天音かなた〉と〈AZKi〉と〈沙花叉クロヱ〉を好きな枚数公開し、公開したホロメンを手札に加える。そして残ったカードを好きな順でデッキの下に戻す。

LIMITED：ターンに１枚しか使えない。",クインテットスペクトラム,hBP02-078
https://hololive-official-cardgame.com/cardlist/?id=346&%2Fcardlist%2Fcardsearch_ex=&keyword=&attribute%5B0%5D=all&expansion_name=&card_kind%5B0%5D=%E3%82%B5%E3%83%9D%E3%83%BC%E3%83%88&rare%5B0%5D=all&bloom_level%5B0%5D=all&parallel%5B0%5D=normal&view=text,爆発の魔法,サポート,イベント,ブースターパック「クインテットスペクトラム」,クインテットスペクトラム,hBP02-079
https://hololive-official-cardgame.com/cardlist/?id=348&%2Fcardlist%2Fcardsearch_ex=&keyword=&attribute%5B0%5D=all&expansion_name=&card_kind%5B0%5D=%E3%82%B5%E3%83%9D%E3%83%BC%E3%83%88&rare%5B0%5D=all&bloom_level%5B0%5D=all&parallel%5B0%5D=normal&view=text,ホロライブ インドネシア2期生,サポート,"イベント
LIMITED","このカードは、自分の手札がこのカードを含まずに6枚以下でなければ使えない。

自分のデッキの上から4枚を見る。その中から、#ID2期生を持つホロメンを好きな枚数公開し、公開したホロメンを手札に加える。そして残ったカードを好きな順でデッキの下に戻す。

LIMITED：ターンに１枚しか使えない。",クインテットスペクトラム,hBP02-081
https://hololive-official-cardgame.com/cardlist/?id=349&%2Fcardlist%2Fcardsearch_ex=&keyword=&attribute%5B0%5D=all&expansion_name=&card_kind%5B0%5D=%E3%82%B5%E3%83%9D%E3%83%BC%E3%83%88&rare%5B0%5D=all&bloom_level%5B0%5D=all&parallel%5B0%5D=normal&view=text,ホロライブゲーマーズ,サポート,"イベント
LIMITED","このカードは、自分の手札がこのカードを含まずに6枚以下でなければ使えない。

自分のデッキの上から4枚を見る。その中から、#ゲーマーズを持つホロメンを好きな枚数公開し、公開したホロメンを手札に加える。そして残ったカードを好きな順でデッキの下に戻す。

LIMITED：ターンに１枚しか使えない。",クインテットスペクトラム,hBP02-082
https://hololive-official-cardgame.com/cardlist/?id=350&%2Fcardlist%2Fcardsearch_ex=&keyword=&attribute%5B0%5D=all&expansion_name=&card_kind%5B0%5D=%E3%82%B5%E3%83%9D%E3%83%BC%E3%83%88&rare%5B0%5D=all&bloom_level%5B0%5D=all&parallel%5B0%5D=normal&view=text,魔法のタンス,サポート,イベント,ブースターパック「クインテットスペクトラム」,クインテットスペクトラム,hBP02-083
https://hololive-official-cardgame.com/cardlist/?id=352&%2Fcardlist%2Fcardsearch_ex=&keyword=&attribute%5B0%5D=all&expansion_name=&card_kind%5B0%5D=%E3%82%B5%E3%83%9D%E3%83%BC%E3%83%88&rare%5B0%5D=all&bloom_level%5B0%5D=all&parallel%5B0%5D=normal&view=text,HOLOLIVE FANTASY,サポート,"イベント
LIMITED","このカードは、自分の手札がこのカードを含まずに6枚以下でなければ使えない。

自分のデッキの上から4枚を見る。その中から、#3期生を持つホロメンを好きな枚数公開し、公開したホロメンを手札に加える。そして残ったカードを好きな順でデッキの下に戻す。

LIMITED：ターンに１枚しか使えない。",クインテットスペクトラム,hBP02-085
https://hololive-official-cardgame.com/cardlist/?id=353&%2Fcardlist%2Fcardsearch_ex=&keyword=&attribute%5B0%5D=all&expansion_name=&card_kind%5B0%5D=%E3%82%B5%E3%83%9D%E3%83%BC%E3%83%88&rare%5B0%5D=all&bloom_level%5B0%5D=all&parallel%5B0%5D=normal&view=text,ホロスパークリング,サポート,ツール,"■このツールが付いているホロメンのアーツ+20。
■このツールが付いている#お酒を持たないホロメンが受けるダメージ+10。

ツールは、自分のホロメン1人につき1枚だけ付けられる。",クインテットスペクトラム,hBP02-086
https://hololive-official-cardgame.com/cardlist/?id=354&%2Fcardlist%2Fcardsearch_ex=&keyword=&attribute%5B0%5D=all&expansion_name=&card_kind%5B0%5D=%E3%82%B5%E3%83%9D%E3%83%BC%E3%83%88&rare%5B0%5D=all&bloom_level%5B0%5D=all&parallel%5B0%5D=normal&view=text,紫咲シオンの魔法のステッキ,サポート,ツール,ブースターパック「クインテットスペクトラム」,クインテットスペクトラム,hBP02-087
https://hololive-official-cardgame.com/cardlist/?id=355&%2Fcardlist%2Fcardsearch_ex=&keyword=&attribute%5B0%5D=all&expansion_name=&card_kind%5B0%5D=%E3%82%B5%E3%83%9D%E3%83%BC%E3%83%88&rare%5B0%5D=all&bloom_level%5B0%5D=all&parallel%5B0%5D=normal&view=text,森カリオペの鎌,サポート,ツール,"このツールが付いているホロメンのアーツ+10。

◆1st以上の〈森カリオペ〉に付いていたら能力追加
このツールをホロメンに手札から付けた時、自分のデッキの上から1枚をアーカイブする。

ツールは、自分のホロメン1人につき1枚だけ付けられる。",クインテットスペクトラム,hBP02-088
https://hololive-official-cardgame.com/cardlist/?id=356&%2Fcardlist%2Fcardsearch_ex=&keyword=&attribute%5B0%5D=all&expansion_name=&card_kind%5B0%5D=%E3%82%B5%E3%83%9D%E3%83%BC%E3%83%88&rare%5B0%5D=all&bloom_level%5B0%5D=all&parallel%5B0%5D=normal&view=text,おるやんけ,サポート,マスコット,ブースターパック「クインテットスペクトラム」,クインテットスペクトラム,hBP02-089
https://hololive-official-cardgame.com/cardlist/?id=357&%2Fcardlist%2Fcardsearch_ex=&keyword=&attribute%5B0%5D=all&expansion_name=&card_kind%5B0%5D=%E3%82%B5%E3%83%9D%E3%83%BC%E3%83%88&rare%5B0%5D=all&bloom_level%5B0%5D=all&parallel%5B0%5D=normal&view=text,ネジマキツネ,サポート,マスコット,ブースターパック「クインテットスペクトラム」,クインテットスペクトラム,hBP02-090
https://hololive-official-cardgame.com/cardlist/?id=358&%2Fcardlist%2Fcardsearch_ex=&keyword=&attribute%5B0%5D=all&expansion_name=&card_kind%5B0%5D=%E3%82%B5%E3%83%9D%E3%83%BC%E3%83%88&rare%5B0%5D=all&bloom_level%5B0%5D=all&parallel%5B0%5D=normal&view=text,フブチュン,サポート,マスコット,ブースターパック「クインテットスペクトラム」,クインテットスペクトラム,hBP02-091
https://hololive-official-cardgame.com/cardlist/?id=359&%2Fcardlist%2Fcardsearch_ex=&keyword=&attribute%5B0%5D=all&expansion_name=&card_kind%5B0%5D=%E3%82%B5%E3%83%9D%E3%83%BC%E3%83%88&rare%5B0%5D=all&bloom_level%5B0%5D=all&parallel%5B0%5D=normal&view=text,フブラ,サポート,マスコット,ブースターパック「クインテットスペクトラム」,クインテットスペクトラム,hBP02-092
https://hololive-official-cardgame.com/cardlist/?id=360&%2Fcardlist%2Fcardsearch_ex=&keyword=&attribute%5B0%5D=all&expansion_name=&card_kind%5B0%5D=%E3%82%B5%E3%83%9D%E3%83%BC%E3%83%88&rare%5B0%5D=all&bloom_level%5B0%5D=all&parallel%5B0%5D=normal&view=text,ミテイル,サポート,マスコット,ブースターパック「クインテットスペクトラム」,クインテットスペクトラム,hBP02-093
https://hololive-official-cardgame.com/cardlist/?id=361&%2Fcardlist%2Fcardsearch_ex=&keyword=&attribute%5B0%5D=all&expansion_name=&card_kind%5B0%5D=%E3%82%B5%E3%83%9D%E3%83%BC%E3%83%88&rare%5B0%5D=all&bloom_level%5B0%5D=all&parallel%5B0%5D=normal&view=text,Tatang,サポート,マスコット,"このマスコットが付いているホロメンのアーツ+10。

◆〈パヴォリア・レイネ〉に付いていたら能力追加
このマスコットが付いているホロメンのHP+30。

マスコットは、自分のホロメン1人につき1枚だけ付けられる。",クインテットスペクトラム,hBP02-094
https://hololive-official-cardgame.com/cardlist/?id=363&%2Fcardlist%2Fcardsearch_ex=&keyword=&attribute%5B0%5D=all&expansion_name=&card_kind%5B0%5D=%E3%82%B5%E3%83%9D%E3%83%BC%E3%83%88&rare%5B0%5D=all&bloom_level%5B0%5D=all&parallel%5B0%5D=normal&view=text,イヌ,サポート,マスコット,"このマスコットが付いているホロメンのアーツ+10。

◆〈沙花叉クロヱ〉に付いていたら能力追加
このマスコットが付いているホロメンが相手のホロメンをダウンさせた時、自分のアーカイブのエール1枚を、自分の#秘密結社holoxを持つホロメンに送れる。

マスコットは、自分のホロメン1人につき1枚だけ付けられる。",クインテットスペクトラム,hBP02-096
https://hololive-official-cardgame.com/cardlist/?id=364&%2Fcardlist%2Fcardsearch_ex=&keyword=&attribute%5B0%5D=all&expansion_name=&card_kind%5B0%5D=%E3%82%B5%E3%83%9D%E3%83%BC%E3%83%88&rare%5B0%5D=all&bloom_level%5B0%5D=all&parallel%5B0%5D=normal&view=text,UDIN,サポート,マスコット,"このマスコットが付いているホロメンのアーツ+10。

◆〈クレイジー・オリー〉に付いていたら能力追加
このマスコットが付いているホロメンがBloomした時、自分のデッキを1枚引いた後、手札1枚をアーカイブする。

マスコットは、自分のホロメン1人につき1枚だけ付けられる。",クインテットスペクトラム,hBP02-097
https://hololive-official-cardgame.com/cardlist/?id=365&%2Fcardlist%2Fcardsearch_ex=&keyword=&attribute%5B0%5D=all&expansion_name=&card_kind%5B0%5D=%E3%82%B5%E3%83%9D%E3%83%BC%E3%83%88&rare%5B0%5D=all&bloom_level%5B0%5D=all&parallel%5B0%5D=normal&view=text,Death-sensei,サポート,マスコット,"このマスコットが付いているホロメンのHP+20。

◆〈森カリオペ〉に付いていたら能力追加
このマスコットが付いているホロメンのアーツに必要なエールの色すべてを無色にする。

マスコットは、自分のホロメン1人につき1枚だけ付けられる。",クインテットスペクトラム,hBP02-098
https://hololive-official-cardgame.com/cardlist/?id=366&%2Fcardlist%2Fcardsearch_ex=&keyword=&attribute%5B0%5D=all&expansion_name=&card_kind%5B0%5D=%E3%82%B5%E3%83%9D%E3%83%BC%E3%83%88&rare%5B0%5D=all&bloom_level%5B0%5D=all&parallel%5B0%5D=normal&view=text,すこん部,サポート,ファン,ブースターパック「クインテットスペクトラム」,クインテットスペクトラム,hBP02-099
https://hololive-official-cardgame.com/cardlist/?id=367&%2Fcardlist%2Fcardsearch_ex=&keyword=&attribute%5B0%5D=all&expansion_name=&card_kind%5B0%5D=%E3%82%B5%E3%83%9D%E3%83%BC%E3%83%88&rare%5B0%5D=all&bloom_level%5B0%5D=all&parallel%5B0%5D=normal&view=text,白銀聖騎士団,サポート,ファン,"このファンが付いているホロメンが受けるダメージ-10。

このファンは、自分の〈白銀ノエル〉だけに付けられ、1人につき何枚でも付けられる。",クインテットスペクトラム,hBP02-100
https://hololive-official-cardgame.com/cardlist/?id=369&%2Fcardlist%2Fcardsearch_ex=&keyword=&attribute%5B0%5D=all&expansion_name=&card_kind%5B0%5D=%E3%82%B5%E3%83%9D%E3%83%BC%E3%83%88&rare%5B0%5D=all&bloom_level%5B0%5D=all&parallel%5B0%5D=normal&view=text,塩っ子,サポート,ファン,"■このファンが付いているホロメンのアーツ+10。
■このファンが付いているホロメンがダメージを受ける時、このファンをアーカイブする。

このファンは、自分の〈紫咲シオン〉だけに付けられ、1人につき何枚でも付けられる。",クインテットスペクトラム,hBP02-102
https://hololive-official-cardgame.com/cardlist/?id=21&%2Fcardlist%2Fcardsearch_ex=&keyword=&attribute%5B0%5D=all&expansion_name=&card_kind%5B0%5D=%E3%82%B5%E3%83%9D%E3%83%BC%E3%83%88&rare%5B0%5D=all&bloom_level%5B0%5D=all&parallel%5B0%5D=normal&view=text,First Gravity,サポート,"イベント
LIMITED","このカードは、自分の手札がこのカードを含まずに６枚以下でなければ使えない。

自分のデッキの上から４枚を見る。その中から、〈ときのそら〉と〈AZKi〉を好きな枚数公開し、公開したホロメンを手札に加える。そして残ったカードを好きな順でデッキの下に戻す。

LIMITED：ターンに１枚しか使えない。",スタートデッキ「ときのそら＆AZKi」,hSD01-021
https://hololive-official-cardgame.com/cardlist/?id=143&%2Fcardlist%2Fcardsearch_ex=&keyword=&attribute%5B0%5D=all&expansion_name=&card_kind%5B0%5D=%E3%82%B5%E3%83%9D%E3%83%BC%E3%83%88&rare%5B0%5D=all&bloom_level%5B0%5D=all&parallel%5B0%5D=normal&view=text,アイドルマイク,サポート,"アイテム
LIMITED","このカードは、自分の手札がこのカードを含まずに６枚以下でなければ使えない。

自分のデッキの上から４枚を見る。その中から、#歌を持つホロメンを好きな枚数公開し、公開したホロメンを手札に加える。そして残ったカードを好きな順でデッキの下に戻す。

LIMITED：ターンに１枚しか使えない。",ブルーミングレディアンス,hBP01-102
https://hololive-official-cardgame.com/cardlist/?id=144&%2Fcardlist%2Fcardsearch_ex=&keyword=&attribute%5B0%5D=all&expansion_name=&card_kind%5B0%5D=%E3%82%B5%E3%83%9D%E3%83%BC%E3%83%88&rare%5B0%5D=all&bloom_level%5B0%5D=all&parallel%5B0%5D=normal&view=text,ゲーミングパソコン,サポート,"アイテム
LIMITED","このカードは、自分のホロパワー1枚をアーカイブしなければ使えない。

自分のデッキから、自分の推しホロメンと同色のBuzz以外の[Debutホロメンか１stホロメン]１枚を公開し、手札に加える。そしてデッキをシャッフルする。

LIMITED：ターンに１枚しか使えない。",ブルーミングレディアンス,hBP01-103
https://hololive-official-cardgame.com/cardlist/?id=148&%2Fcardlist%2Fcardsearch_ex=&keyword=&attribute%5B0%5D=all&expansion_name=&card_kind%5B0%5D=%E3%82%B5%E3%83%9D%E3%83%BC%E3%83%88&rare%5B0%5D=all&bloom_level%5B0%5D=all&parallel%5B0%5D=normal&view=text,アンコール,サポート,イベント,自分のアーカイブのエール１～３枚をエールデッキに戻す。そしてエールデッキをシャッフルする。,ブルーミングレディアンス,hBP01-107
https://hololive-official-cardgame.com/cardlist/?id=150&%2Fcardlist%2Fcardsearch_ex=&keyword=&attribute%5B0%5D=all&expansion_name=&card_kind%5B0%5D=%E3%82%B5%E3%83%9D%E3%83%BC%E3%83%88&rare%5B0%5D=all&bloom_level%5B0%5D=all&parallel%5B0%5D=normal&view=text,月と兎の物語,サポート,"イベント
LIMITED","このカードは、自分の手札がこのカードを含まずに６枚以下でなければ使えない。

自分のデッキの上から４枚を見る。その中から、〈兎田ぺこら〉と〈ムーナ・ホシノヴァ〉を好きな枚数公開し、公開したホロメンを手札に加える。そして残ったカードを好きな順でデッキの下に戻す。

LIMITED：ターンに１枚しか使えない。",ブルーミングレディアンス,hBP01-109
https://hololive-official-cardgame.com/cardlist/?id=151&%2Fcardlist%2Fcardsearch_ex=&keyword=&attribute%5B0%5D=all&expansion_name=&card_kind%5B0%5D=%E3%82%B5%E3%83%9D%E3%83%BC%E3%83%88&rare%5B0%5D=all&bloom_level%5B0%5D=all&parallel%5B0%5D=normal&view=text,鈍器でぶっ叩くわよ！,サポート,"イベント
LIMITED","サイコロを１回振る：３以下の時、相手のホロメンのエール１枚をアーカイブする。

◆自分の推しホロメンが〈七詩ムメイ〉の時、能力変更可能
[ゲームに１回]相手のセンターホロメンのエール２枚をアーカイブする。

LIMITED：ターンに１枚しか使えない。",ブルーミングレディアンス,hBP01-110
https://hololive-official-cardgame.com/cardlist/?id=152&%2Fcardlist%2Fcardsearch_ex=&keyword=&attribute%5B0%5D=all&expansion_name=&card_kind%5B0%5D=%E3%82%B5%E3%83%9D%E3%83%BC%E3%83%88&rare%5B0%5D=all&bloom_level%5B0%5D=all&parallel%5B0%5D=normal&view=text,ホロライブインドネシア3期生,サポート,"イベント
LIMITED","このカードは、自分の手札がこのカードを含まずに６枚以下でなければ使えない。

自分のデッキの上から４枚を見る。その中から、#ID３期生を持つホロメンを好きな枚数公開し、公開したホロメンを手札に加える。そして残ったカードを好きな順でデッキの下に戻す。

LIMITED：ターンに１枚しか使えない。",ブルーミングレディアンス,hBP01-111
https://hololive-official-cardgame.com/cardlist/?id=153&%2Fcardlist%2Fcardsearch_ex=&keyword=&attribute%5B0%5D=all&expansion_name=&card_kind%5B0%5D=%E3%82%B5%E3%83%9D%E3%83%BC%E3%83%88&rare%5B0%5D=all&bloom_level%5B0%5D=all&parallel%5B0%5D=normal&view=text,わくわくいたずらタイム,サポート,イベント,サイコロを１回振る：４以上の時、相手のバックホロメン１人に特殊ダメージ20を与える（ダウンしても相手のライフは減らない）。,ブルーミングレディアンス,hBP01-112
https://hololive-official-cardgame.com/cardlist/?id=154&%2Fcardlist%2Fcardsearch_ex=&keyword=&attribute%5B0%5D=all&expansion_name=&card_kind%5B0%5D=%E3%82%B5%E3%83%9D%E3%83%BC%E3%83%88&rare%5B0%5D=all&bloom_level%5B0%5D=all&parallel%5B0%5D=normal&view=text,Promise,サポート,"イベント
LIMITED","このカードは、自分の手札がこのカードを含まずに６枚以下でなければ使えない。

自分のデッキの上から４枚を見る。その中から、#Promiseを持つホロメンを好きな枚数公開し、公開したホロメンを手札に加える。そして残ったカードを好きな順でデッキの下に戻す。

LIMITED：ターンに１枚しか使えない。",ブルーミングレディアンス,hBP01-113
https://hololive-official-cardgame.com/cardlist/?id=156&%2Fcardlist%2Fcardsearch_ex=&keyword=&attribute%5B0%5D=all&expansion_name=&card_kind%5B0%5D=%E3%82%B5%E3%83%9D%E3%83%BC%E3%83%88&rare%5B0%5D=all&bloom_level%5B0%5D=all&parallel%5B0%5D=normal&view=text,星街すいせいのマイク,サポート,ツール,"このツールが付いているホロメンのアーツ+10。

◆１st以上の〈星街すいせい〉に付いていたら能力追加
このツールが付いているホロメンが相手のホロメンをダウンさせた時、自分のエールデッキの上から１枚を、このホロメンに送る。

ツールは、自分のホロメン１人につき１枚だけ付けられる。",ブルーミングレディアンス,hBP01-115
https://hololive-official-cardgame.com/cardlist/?id=158&%2Fcardlist%2Fcardsearch_ex=&keyword=&attribute%5B0%5D=all&expansion_name=&card_kind%5B0%5D=%E3%82%B5%E3%83%9D%E3%83%BC%E3%83%88&rare%5B0%5D=all&bloom_level%5B0%5D=all&parallel%5B0%5D=normal&view=text,フレンド,サポート,マスコット,"このマスコットが付いているホロメンのアーツ+10。

◆〈七詩ムメイ〉に付いていたら能力追加
相手のターンで、このマスコットが付いているホロメンがダメージを受ける時、このマスコットをアーカイブできる：このマスコットが付いていたホロメンが受けるダメージ-30。

マスコットは、自分のホロメン１人につき１枚だけ付けられる。",ブルーミングレディアンス,hBP01-117
https://hololive-official-cardgame.com/cardlist/?id=159&%2Fcardlist%2Fcardsearch_ex=&keyword=&attribute%5B0%5D=all&expansion_name=&card_kind%5B0%5D=%E3%82%B5%E3%83%9D%E3%83%BC%E3%83%88&rare%5B0%5D=all&bloom_level%5B0%5D=all&parallel%5B0%5D=normal&view=text,あん肝,サポート,マスコット,"このマスコットが付いているホロメンのHP+10。

◆〈ときのそら〉に付いていたら能力追加
このマスコットが付いているホロメンがアーツを使う時、このマスコットを白エールとしても扱う。

マスコットは、自分のホロメン１人につき１枚だけ付けられる。",ブルーミングレディアンス,hBP01-118
https://hololive-official-cardgame.com/cardlist/?id=160&%2Fcardlist%2Fcardsearch_ex=&keyword=&attribute%5B0%5D=all&expansion_name=&card_kind%5B0%5D=%E3%82%B5%E3%83%9D%E3%83%BC%E3%83%88&rare%5B0%5D=all&bloom_level%5B0%5D=all&parallel%5B0%5D=normal&view=text,ジョブズ,サポート,マスコット,"このマスコットが付いているホロメンのHP+10。

◆〈アキ・ローゼンタール〉に付いていたら能力追加
このマスコットが付いているホロメンがアーツを使った時、自分のホロメン１人のHP10回復。

マスコットは、自分のホロメン１人につき１枚だけ付けられる。",ブルーミングレディアンス,hBP01-119
https://hololive-official-cardgame.com/cardlist/?id=161&%2Fcardlist%2Fcardsearch_ex=&keyword=&attribute%5B0%5D=all&expansion_name=&card_kind%5B0%5D=%E3%82%B5%E3%83%9D%E3%83%BC%E3%83%88&rare%5B0%5D=all&bloom_level%5B0%5D=all&parallel%5B0%5D=normal&view=text,がんも,サポート,マスコット,"このマスコットが付いているホロメンのアーツ+10。

◆〈鷹嶺ルイ〉に付いていたら能力追加
このマスコットが付いているホロメンがセンターポジションでアーツを使った時、自分のデッキを１枚引く。

マスコットは、自分のホロメン１人につき１枚だけ付けられる。",ブルーミングレディアンス,hBP01-120
https://hololive-official-cardgame.com/cardlist/?id=162&%2Fcardlist%2Fcardsearch_ex=&keyword=&attribute%5B0%5D=all&expansion_name=&card_kind%5B0%5D=%E3%82%B5%E3%83%9D%E3%83%BC%E3%83%88&rare%5B0%5D=all&bloom_level%5B0%5D=all&parallel%5B0%5D=normal&view=text,Kotori,サポート,マスコット,"このマスコットが付いているホロメンがセンターポジションかコラボポジションで受けるダメージ-10。

◆〈小鳥遊キアラ〉に付いていたら能力追加
このマスコットが付いているホロメンのBloomレベルが上がった時、自分のデッキを１枚引く。

マスコットは、自分のホロメン１人につき１枚だけ付けられる。",ブルーミングレディアンス,hBP01-121
https://hololive-official-cardgame.com/cardlist/?id=163&%2Fcardlist%2Fcardsearch_ex=&keyword=&attribute%5B0%5D=all&expansion_name=&card_kind%5B0%5D=%E3%82%B5%E3%83%9D%E3%83%BC%E3%83%88&rare%5B0%5D=all&bloom_level%5B0%5D=all&parallel%5B0%5D=normal&view=text,ロゼ隊,サポート,ファン,"相手のターンで、このファンが付いているホロメンがダウンした時、自分のエールデッキの上から１枚を、自分の〈アキ・ローゼンタール〉に送る。

このファンは、自分の〈アキ・ローゼンタール〉だけに付けられ、１人につき何枚でも付けられる。",ブルーミングレディアンス,hBP01-122
https://hololive-official-cardgame.com/cardlist/?id=164&%2Fcardlist%2Fcardsearch_ex=&keyword=&attribute%5B0%5D=all&expansion_name=&card_kind%5B0%5D=%E3%82%B5%E3%83%9D%E3%83%BC%E3%83%88&rare%5B0%5D=all&bloom_level%5B0%5D=all&parallel%5B0%5D=normal&view=text,野うさぎ同盟,サポート,ファン,"このファンが付いているホロメンが能力でサイコロを振った時、このファンをアーカイブできる：そのサイコロの結果をすべて無くし、はじめからサイコロを振り直す。

このファンは、自分の〈兎田ぺこら〉だけに付けられ、1人につき何枚でも付けられる。",ブルーミングレディアンス,hBP01-123
https://hololive-official-cardgame.com/cardlist/?id=166&%2Fcardlist%2Fcardsearch_ex=&keyword=&attribute%5B0%5D=all&expansion_name=&card_kind%5B0%5D=%E3%82%B5%E3%83%9D%E3%83%BC%E3%83%88&rare%5B0%5D=all&bloom_level%5B0%5D=all&parallel%5B0%5D=normal&view=text,KFP,サポート,ファン,"このファンをホロメンに手札から付けた時、自分の手札１枚をアーカイブできる：自分のデッキを１枚引く。

このファンは、自分の〈小鳥遊キアラ〉だけに付けられ、１人につき何枚でも付けられる。",ブルーミングレディアンス,hBP01-125
https://hololive-official-cardgame.com/cardlist/?id=145&%2Fcardlist%2Fcardsearch_ex=&keyword=&attribute%5B0%5D=all&expansion_name=&card_kind%5B0%5D=%E3%82%B5%E3%83%9D%E3%83%BC%E3%83%88&rare%5B0%5D=all&bloom_level%5B0%5D=all&parallel%5B0%5D=normal&view=text,ふつうのパソコン,サポート,アイテム,自分のデッキから、Debutホロメン１枚を公開し、ステージに出す。そしてデッキをシャッフルする。,"ブルーミングレディアンス
スタートデッキ 赤 百鬼あやめ
スタートデッキ 紫 癒月ちょこ
スタートデッキ 白 轟はじめ
スタートデッキ 緑 風真いろは
スタートデッキ 黄 不知火フレア
スタートデッキ FLOW GLOW 推し 輪堂千速
スタートデッキ FLOW GLOW 推し 虎金妃笑虎
スタートデッキ 推し Advent
スタートデッキ 推し Justice",hBP01-104
https://hololive-official-cardgame.com/cardlist/?id=146&%2Fcardlist%2Fcardsearch_ex=&keyword=&attribute%5B0%5D=all&expansion_name=&card_kind%5B0%5D=%E3%82%B5%E3%83%9D%E3%83%BC%E3%83%88&rare%5B0%5D=all&bloom_level%5B0%5D=all&parallel%5B0%5D=normal&view=text,ペンライト,サポート,"アイテム
LIMITED","このカードは、自分のホロパワー１枚をアーカイブしなければ使えない。

自分のエールデッキから、自分のホロメン１人と同色のエール１枚を公開し、自分のホロメンに送る。そしてエールデッキをシャッフルする。

LIMITED：ターンに１枚しか使えない。","ブルーミングレディアンス
スタートデッキ 青 猫又おかゆ",hBP01-105
https://hololive-official-cardgame.com/cardlist/?id=147&%2Fcardlist%2Fcardsearch_ex=&keyword=&attribute%5B0%5D=all&expansion_name=&card_kind%5B0%5D=%E3%82%B5%E3%83%9D%E3%83%BC%E3%83%88&rare%5B0%5D=all&bloom_level%5B0%5D=all&parallel%5B0%5D=normal&view=text,あとは任せた！,サポート,イベント,自分のセンターホロメンとお休みしていないバックホロメン１人を交代させる。,"ブルーミングレディアンス
スタートデッキ 紫 癒月ちょこ",hBP01-106
https://hololive-official-cardgame.com/cardlist/?id=149&%2Fcardlist%2Fcardsearch_ex=&keyword=&attribute%5B0%5D=all&expansion_name=&card_kind%5B0%5D=%E3%82%B5%E3%83%9D%E3%83%BC%E3%83%88&rare%5B0%5D=all&bloom_level%5B0%5D=all&parallel%5B0%5D=normal&view=text,じゃあ敵だね,サポート,"イベント
LIMITED","相手のセンターホロメンとバックホロメン１人を交代させる。

LIMITED：ターンに１枚しか使えない。","ブルーミングレディアンス
スタートデッキ 赤 百鬼あやめ
スタートデッキ 青 猫又おかゆ
スタートデッキ 白 轟はじめ
スタートデッキ 白 天音かなた
スタートデッキ 赤 宝鐘マリン
スタートデッキ 推し Advent",hBP01-108
https://hololive-official-cardgame.com/cardlist/?id=1278&%2Fcardlist%2Fcardsearch_ex=&keyword=&attribute%5B0%5D=all&expansion_name=&card_kind%5B0%5D=%E3%82%B5%E3%83%9D%E3%83%BC%E3%83%88&rare%5B0%5D=all&bloom_level%5B0%5D=all&parallel%5B0%5D=normal&view=text,石の斧,サポート,ツール,"■このツールが付いているホロメンのアーツ+20。
■このツールが付いているホロメンがアーツを使った時、このホロメンに特殊ダメージ10を与える。

◆１st以上の〈アキ・ローゼンタール〉に付いていたら能力追加
[ターンに１回]自分の能力で、このホロメンが回復した時、自分のデッキを１枚引く。

ツールは、自分のホロメン１人につき１枚だけ付けられる。","ブルーミングレディアンス
エンチャントレガリア",hBP01-114
https://hololive-official-cardgame.com/cardlist/?id=157&%2Fcardlist%2Fcardsearch_ex=&keyword=&attribute%5B0%5D=all&expansion_name=&card_kind%5B0%5D=%E3%82%B5%E3%83%9D%E3%83%BC%E3%83%88&rare%5B0%5D=all&bloom_level%5B0%5D=all&parallel%5B0%5D=normal&view=text,うぱお,サポート,マスコット,"このマスコットが付いているホロメンのアーツ+10。

◆〈天音かなた〉に付いていたら能力追加
[ターンに1回]相手のターンで、このマスコットが付いているホロメンがダメージを受けた時、相手のセンターホロメンに特殊ダメージ20を与える。

マスコットは、自分のホロメン１人につき１枚だけ付けられる。","ブルーミングレディアンス
スタートデッキ 白 天音かなた",hBP01-116
https://hololive-official-cardgame.com/cardlist/?id=165&%2Fcardlist%2Fcardsearch_ex=&keyword=&attribute%5B0%5D=all&expansion_name=&card_kind%5B0%5D=%E3%82%B5%E3%83%9D%E3%83%BC%E3%83%88&rare%5B0%5D=all&bloom_level%5B0%5D=all&parallel%5B0%5D=normal&view=text,開拓者,サポート,ファン,"相手のターンで、このファンが付いているホロメンがダウンした時、このファンが付いているホロメンのエール1枚を、自分の他のホロメンに付け替える。

このファンは、自分の〈AZKi〉だけに付けられ、1人につき何枚でも付けられる。","ブルーミングレディアンス
ディーヴァフィーバー",hBP01-124
https://hololive-official-cardgame.com/cardlist/?id=167&%2Fcardlist%2Fcardsearch_ex=&keyword=&attribute%5B0%5D=all&expansion_name=&card_kind%5B0%5D=%E3%82%B5%E3%83%9D%E3%83%BC%E3%83%88&rare%5B0%5D=all&bloom_level%5B0%5D=all&parallel%5B0%5D=normal&view=text,座員,サポート,ファン,"■このファンが付いているホロメンがアーツを使う時、このファンを赤エールとしても扱う。
■このファンが付いているホロメンが受けるダメージ+10。

このファンは、自分の〈尾丸ポルカ〉だけに付けられ、１人につき何枚でも付けられる。","ブルーミングレディアンス
エンチャントレガリア",hBP01-126
https://hololive-official-cardgame.com/cardlist/?id=343&%2Fcardlist%2Fcardsearch_ex=&keyword=&attribute%5B0%5D=all&expansion_name=&card_kind%5B0%5D=%E3%82%B5%E3%83%9D%E3%83%BC%E3%83%88&rare%5B0%5D=all&bloom_level%5B0%5D=all&parallel%5B0%5D=normal&view=text,カスタムパソコン,サポート,アイテム,自分の手札のDebutホロメン1枚を公開し、デッキの下に戻す。自分のデッキから、戻したホロメンと同じカード名のBuzz以外の1stホロメン1枚を公開し、手札に加える。そしてデッキをシャッフルする。,"クインテットスペクトラム
スタートデッキ 緑 風真いろは",hBP02-076
https://hololive-official-cardgame.com/cardlist/?id=344&%2Fcardlist%2Fcardsearch_ex=&keyword=&attribute%5B0%5D=all&expansion_name=&card_kind%5B0%5D=%E3%82%B5%E3%83%9D%E3%83%BC%E3%83%88&rare%5B0%5D=all&bloom_level%5B0%5D=all&parallel%5B0%5D=normal&view=text,レトロパソコン,サポート,"アイテム
LIMITED","このカードは、自分のライフが3以下でなければ使えない。

自分のアーカイブのホロメン１枚を手札に戻す。

LIMITED：ターンに１枚しか使えない。","クインテットスペクトラム
スタートデッキ FLOW GLOW 推し 輪堂千速
スタートデッキ 推し Advent",hBP02-077
https://hololive-official-cardgame.com/cardlist/?id=347&%2Fcardlist%2Fcardsearch_ex=&keyword=&attribute%5B0%5D=all&expansion_name=&card_kind%5B0%5D=%E3%82%B5%E3%83%9D%E3%83%BC%E3%83%88&rare%5B0%5D=all&bloom_level%5B0%5D=all&parallel%5B0%5D=normal&view=text,秘密結社holoX,サポート,"イベント
LIMITED","このカードは、自分の手札がこのカードを含まずに6枚以下でなければ使えない。

自分のデッキの上から4枚を見る。その中から、#秘密結社holoxを持つホロメンを好きな枚数公開し、公開したホロメンを手札に加える。そして残ったカードを好きな順でデッキの下に戻す。

LIMITED：ターンに１枚しか使えない。","クインテットスペクトラム
スタートデッキ 緑 風真いろは",hBP02-080
https://hololive-official-cardgame.com/cardlist/?id=351&%2Fcardlist%2Fcardsearch_ex=&keyword=&attribute%5B0%5D=all&expansion_name=&card_kind%5B0%5D=%E3%82%B5%E3%83%9D%E3%83%BC%E3%83%88&rare%5B0%5D=all&bloom_level%5B0%5D=all&parallel%5B0%5D=normal&view=text,みっころね24,サポート,"イベント
LIMITED","自分のデッキを2枚引き、サイコロを1回振る：3か5か6の時、自分のデッキから、Debutホロメン1枚を公開し、手札に加える。そしてデッキをシャッフルする。2か4の時、自分のデッキを1枚引く。

LIMITED：ターンに１枚しか使えない。","クインテットスペクトラム
スタートデッキ 白 天音かなた
スタートデッキ 赤 宝鐘マリン",hBP02-084
https://hololive-official-cardgame.com/cardlist/?id=362&%2Fcardlist%2Fcardsearch_ex=&keyword=&attribute%5B0%5D=all&expansion_name=&card_kind%5B0%5D=%E3%82%B5%E3%83%9D%E3%83%BC%E3%83%88&rare%5B0%5D=all&bloom_level%5B0%5D=all&parallel%5B0%5D=normal&view=text,ドクロくん,サポート,マスコット,"このマスコットが付いているホロメンのアーツ+10。

◆〈宝鐘マリン〉に付いていたら能力追加
[センターポジション限定]このマスコットが付いているホロメンがBloomした時、自分のデッキを1枚引く。

マスコットは、自分のホロメン1人につき1枚だけ付けられる。","クインテットスペクトラム
スタートデッキ 赤 宝鐘マリン",hBP02-095
https://hololive-official-cardgame.com/cardlist/?id=368&%2Fcardlist%2Fcardsearch_ex=&keyword=&attribute%5B0%5D=all&expansion_name=&card_kind%5B0%5D=%E3%82%B5%E3%83%9D%E3%83%BC%E3%83%88&rare%5B0%5D=all&bloom_level%5B0%5D=all&parallel%5B0%5D=normal&view=text,ミオファ,サポート,ファン,"相手のターンで、このファンが付いているホロメンがダウンした時、自分のデッキを1枚引く。

このファンは、自分の〈大神ミオ〉だけに付けられ、1人につき何枚でも付けられる。","クインテットスペクトラム
ディーヴァフィーバー",hBP02-101
https://hololive-official-cardgame.com/cardlist/?id=652&%2Fcardlist%2Fcardsearch_ex=&keyword=&attribute%5B0%5D=all&expansion_name=&card_kind%5B0%5D=%E3%82%B5%E3%83%9D%E3%83%BC%E3%83%88&rare%5B0%5D=all&bloom_level%5B0%5D=all&parallel%5B0%5D=normal&view=text,凸待ち,サポート,"イベント
LIMITED","このカードは、自分のライフが相手より少ない時にしか使えない。

相手のコラボホロメンがいない時、相手は、自身のバックホロメン1人をコラボポジションに移動させる（移動はコラボとしては扱わない）。

LIMITED：ターンに１枚しか使えない。","エリートスパーク
スタートデッキ 推し Justice",hBP03-088
https://hololive-official-cardgame.com/cardlist/?id=669&%2Fcardlist%2Fcardsearch_ex=&keyword=&attribute%5B0%5D=all&expansion_name=&card_kind%5B0%5D=%E3%82%B5%E3%83%9D%E3%83%BC%E3%83%88&rare%5B0%5D=all&bloom_level%5B0%5D=all&parallel%5B0%5D=normal&view=text,ルーナイト,サポート,ファン,"相手のターンで、このファンが付いているホロメンがダメージを受ける時、このファンをアーカイブできる：このファンが付いていたホロメンの受けるダメージ-30。

このファンは、自分の〈姫森ルーナ〉だけに付けられ、1人につき何枚でも付けられる。","エリートスパーク
アヤカシヴァーミリオン",hBP03-105
https://hololive-official-cardgame.com/cardlist/?id=674&%2Fcardlist%2Fcardsearch_ex=&keyword=&attribute%5B0%5D=all&expansion_name=&card_kind%5B0%5D=%E3%82%B5%E3%83%9D%E3%83%BC%E3%83%88&rare%5B0%5D=all&bloom_level%5B0%5D=all&parallel%5B0%5D=normal&view=text,ろぼさー,サポート,ファン,"■このファンが付いているホロメンがアーツを使う時、このファンを紫エールとしても扱う。
■このファンが付いているホロメンのアーツ-10。

このファンは、自分の〈ロボ子さん〉だけに付けられ、1人につき何枚でも付けられる。","エリートスパーク
アヤカシヴァーミリオン",hBP03-110
https://hololive-official-cardgame.com/cardlist/?id=676&%2Fcardlist%2Fcardsearch_ex=&keyword=&attribute%5B0%5D=all&expansion_name=&card_kind%5B0%5D=%E3%82%B5%E3%83%9D%E3%83%BC%E3%83%88&rare%5B0%5D=all&bloom_level%5B0%5D=all&parallel%5B0%5D=normal&view=text,わためいと,サポート,ファン,"相手のターンで、このファンが付いているホロメンがダウンした時、このホロメンの黄エール1～2枚を、自分の他の〈角巻わため〉1人に付け替えられる。

このファンは、自分の〈角巻わため〉だけに付けられ、1人につき何枚でも付けられる。","エリートスパーク
ディーヴァフィーバー",hBP03-112
https://hololive-official-cardgame.com/cardlist/?id=960&%2Fcardlist%2Fcardsearch_ex=&keyword=&attribute%5B0%5D=all&expansion_name=&card_kind%5B0%5D=%E3%82%B5%E3%83%9D%E3%83%BC%E3%83%88&rare%5B0%5D=all&bloom_level%5B0%5D=all&parallel%5B0%5D=normal&view=text,Advent,サポート,"イベント
LIMITED","このカードは、自分の手札がこのカードを含まずに6枚以下でなければ使えない。

自分のデッキの上から4枚を見る。その中から、#Adventを持つホロメンを好きな枚数公開し、公開したホロメンを手札に加える。そして残ったカードを好きな順でデッキの下に戻す。

LIMITED：ターンに１枚しか使えない。","キュリアスユニバース
スタートデッキ 推し Advent",hBP04-096
https://hololive-official-cardgame.com/cardlist/?id=1768&%2Fcardlist%2Fcardsearch_ex=&keyword=&attribute%5B0%5D=all&expansion_name=&card_kind%5B0%5D=%E3%82%B5%E3%83%9D%E3%83%BC%E3%83%88&rare%5B0%5D=all&bloom_level%5B0%5D=all&parallel%5B0%5D=normal&view=text,フレンドリーパソコン,サポート,アイテム,自分のデッキから、エクストラ「このホロメンはデッキに何枚でも入れられる」を持つDebutホロメン1～2枚を公開し、ステージに出す。そしてデッキをシャッフルする。Debutホロメンを2枚出したなら、さらに、自分の手札1枚をデッキの下に戻す。,"スタートデッキ 推し Advent
スタートデッキ 推し Justice",hBP05-074
https://hololive-official-cardgame.com/cardlist/?id=16&%2Fcardlist%2Fcardsearch_ex=&keyword=&attribute%5B0%5D=all&expansion_name=&card_kind%5B0%5D=%E3%82%B5%E3%83%9D%E3%83%BC%E3%83%88&rare%5B0%5D=all&bloom_level%5B0%5D=all&parallel%5B0%5D=normal&view=text,春先のどか,サポート,"スタッフ
LIMITED","自分のデッキを３枚引く。

LIMITED：ターンに１枚しか使えない。","ブルーミングレディアンス
スタートデッキ「ときのそら＆AZKi」
スタートデッキ 赤 百鬼あやめ
スタートデッキ 青 猫又おかゆ
スタートデッキ 紫 癒月ちょこ
スタートデッキ 白 轟はじめ
スタートデッキ 緑 風真いろは
スタートデッキ 黄 不知火フレア
スタートデッキ FLOW GLOW 推し 輪堂千速
スタートデッキ FLOW GLOW 推し 虎金妃笑虎
スタートデッキ 推し Advent
スタートデッキ 推し Justice",hSD01-016
https://hololive-official-cardgame.com/cardlist/?id=17&%2Fcardlist%2Fcardsearch_ex=&keyword=&attribute%5B0%5D=all&expansion_name=&card_kind%5B0%5D=%E3%82%B5%E3%83%9D%E3%83%BC%E3%83%88&rare%5B0%5D=all&bloom_level%5B0%5D=all&parallel%5B0%5D=normal&view=text,マネちゃん,サポート,"スタッフ
LIMITED","このカードは、自分の手札がこのカードを含まずに１枚以上なければ使えない。

自分の手札すべてをデッキに戻してシャッフルする。そして自分のデッキを５枚引く。

LIMITED：ターンに１枚しか使えない。","スタートデッキ「ときのそら＆AZKi」
スタートデッキ 赤 百鬼あやめ
スタートデッキ 青 猫又おかゆ
スタートデッキ 紫 癒月ちょこ
スタートデッキ 白 轟はじめ
スタートデッキ 緑 風真いろは
スタートデッキ 黄 不知火フレア
スタートデッキ 白 天音かなた
スタートデッキ 赤 宝鐘マリン
スタートデッキ FLOW GLOW 推し 輪堂千速
スタートデッキ FLOW GLOW 推し 虎金妃笑虎",hSD01-017
https://hololive-official-cardgame.com/cardlist/?id=18&%2Fcardlist%2Fcardsearch_ex=&keyword=&attribute%5B0%5D=all&expansion_name=&card_kind%5B0%5D=%E3%82%B5%E3%83%9D%E3%83%BC%E3%83%88&rare%5B0%5D=all&bloom_level%5B0%5D=all&parallel%5B0%5D=normal&view=text,サブパソコン,サポート,アイテム,自分のデッキの上から５枚を見る。その中から、LIMITEDのサポートカード１枚を公開し、手札に加える。そして残ったカードを好きな順でデッキの下に戻す。,"スタートデッキ「ときのそら＆AZKi」
スタートデッキ 赤 百鬼あやめ
スタートデッキ 黄 不知火フレア",hSD01-018
https://hololive-official-cardgame.com/cardlist/?id=19&%2Fcardlist%2Fcardsearch_ex=&keyword=&attribute%5B0%5D=all&expansion_name=&card_kind%5B0%5D=%E3%82%B5%E3%83%9D%E3%83%BC%E3%83%88&rare%5B0%5D=all&bloom_level%5B0%5D=all&parallel%5B0%5D=normal&view=text,スゴイパソコン,サポート,"アイテム
LIMITED","このカードは、自分のステージのエール1枚をアーカイブしなければ使えない。

自分のデッキから、Buzz以外の[1stホロメンか2ndホロメン]１枚を公開し、手札に加える。そしてデッキをシャッフルする。

LIMITED：ターンに1枚しか使えない。","ブルーミングレディアンス
スタートデッキ「ときのそら＆AZKi」
スタートデッキ 青 猫又おかゆ
スタートデッキ 紫 癒月ちょこ
スタートデッキ FLOW GLOW 推し 虎金妃笑虎
スタートデッキ 推し Justice",hSD01-019
https://hololive-official-cardgame.com/cardlist/?id=20&%2Fcardlist%2Fcardsearch_ex=&keyword=&attribute%5B0%5D=all&expansion_name=&card_kind%5B0%5D=%E3%82%B5%E3%83%9D%E3%83%BC%E3%83%88&rare%5B0%5D=all&bloom_level%5B0%5D=all&parallel%5B0%5D=normal&view=text,ホロリスの輪,サポート,イベント,サイコロを１回振る：３以上の時、自分のアーカイブのエール１枚を自分のホロメンに送る。,"ブルーミングレディアンス
スタートデッキ「ときのそら＆AZKi」",hSD01-020
https://hololive-official-cardgame.com/cardlist/?id=238&%2Fcardlist%2Fcardsearch_ex=&keyword=&attribute%5B0%5D=all&expansion_name=&card_kind%5B0%5D=%E3%82%B5%E3%83%9D%E3%83%BC%E3%83%88&rare%5B0%5D=all&bloom_level%5B0%5D=all&parallel%5B0%5D=normal&view=text,ぽよ余,サポート,マスコット,"ブースターパック「アヤカシヴァーミリオン」
                スタートデッキ 赤 百鬼あやめ","アヤカシヴァーミリオン
スタートデッキ 赤 百鬼あやめ",hSD02-014
https://hololive-official-cardgame.com/cardlist/?id=1466&%2Fcardlist%2Fcardsearch_ex=&keyword=&attribute%5B0%5D=all&expansion_name=&card_kind%5B0%5D=%E3%82%B5%E3%83%9D%E3%83%BC%E3%83%88&rare%5B0%5D=all&bloom_level%5B0%5D=all&parallel%5B0%5D=normal&view=text,WHAT'S UP!!!!! KEEEEEP GROWING!!!!!,サポート,"イベント
LIMITED","このカードは、自分のステージのホロメン全員が#FLOW GLOWを持つホロメンでなければ使えない。

自分のアーカイブのエール3枚を選び、自分のセンターホロメンとコラボホロメンに割り振って送る。ただし、ホロメン1人に送る枚数は2枚まで。

LIMITED：ターンに1枚しか使えない。","スタートデッキ FLOW GLOW 推し 輪堂千速
スタートデッキ FLOW GLOW 推し 虎金妃笑虎",hSD10-011
https://hololive-official-cardgame.com/cardlist/?id=1467&%2Fcardlist%2Fcardsearch_ex=&keyword=&attribute%5B0%5D=all&expansion_name=&card_kind%5B0%5D=%E3%82%B5%E3%83%9D%E3%83%BC%E3%83%88&rare%5B0%5D=all&bloom_level%5B0%5D=all&parallel%5B0%5D=normal&view=text,FLOW GLOW,サポート,"イベント
LIMITED","このカードは、自分の手札がこのカードを含まずに6枚以下でなければ使えない。

自分のデッキの上から4枚を見る。その中から、#FLOW GLOWを持つホロメンを好きな枚数公開し、公開したホロメンを手札に加える。そして残ったカードを好きな順でデッキの下に戻す。

LIMITED：ターンに1枚しか使えない。","スタートデッキ FLOW GLOW 推し 輪堂千速
スタートデッキ FLOW GLOW 推し 虎金妃笑虎",hSD10-012
https://hololive-official-cardgame.com/cardlist/?id=1468&%2Fcardlist%2Fcardsearch_ex=&keyword=&attribute%5B0%5D=all&expansion_name=&card_kind%5B0%5D=%E3%82%B5%E3%83%9D%E3%83%BC%E3%83%88&rare%5B0%5D=all&bloom_level%5B0%5D=all&parallel%5B0%5D=normal&view=text,ふぐ太郎,サポート,ツール,"このツールが付いている#FLOW GLOWを持つホロメンのアーツ+10。
  
 ◆#FLOW GLOWを持つホロメンに付いていたら能力追加
 自分のエンドステップが開始する時、このターンにこのホロメンがアーツを使っていたなら使える：自分のデッキから、#FLOW GLOWを持つ[DebutホロメンかSpotホロメン]1枚を公開し、ステージに出す。そしてデッキをシャッフルする。その後、このホロメンに付いている〈ふぐ太郎〉1枚をデッキの下に戻す。
  
 ツールは、自分のホロメン1人につき1枚だけ付けられる。","ディーヴァフィーバー
スタートデッキ FLOW GLOW 推し 輪堂千速
スタートデッキ FLOW GLOW 推し 虎金妃笑虎",hSD10-013
